id	History	Psychology	Politics	Mathematics	Physics	Internet	PC	Economy.Management	Biology	Chemistry	Reading	Geography	Foreign.languages	Medicine	Law	Cars	Art.exhibitions	Religion	Countryside..outdoors	Dancing	Musical.instruments	Writing	Passive.sport	Active.sport	Gardening	Celebrities	Shopping	Science.and.technology	Theatre	Fun.with.friends	Adrenaline.sports	Pets
1	1	5	1	3	3	5	3	5	3	3	3	3	5	3	1	1	1	1	5	3	3	2	1	5	5	1	4	4	2	5	4	4
2	1	3	4	5	2	4	4	5	1	1	4	4	5	1	2	2	2	1	1	1	1	1	1	1	1	2	3	3	2	4	2	5
3	1	2	1	5	2	4	2	4	1	1	5	2	5	2	3	1	5	5	5	5	5	5	5	2	1	1	4	2	5	5	5	5
4	4	4	5	4	1	3	1	2	3	3	5	4	4	2	5	1	5	4	1	1	1	3	1	1	1	2	4	3	1	2	1	1
5	3	2	3	2	2	2	2	2	3	3	5	2	3	3	2	3	1	4	4	1	3	1	3	1	4	3	3	3	2	4	2	1
6	5	3	4	2	3	4	4	1	4	4	3	3	4	4	3	5	2	2	5	1	5	1	5	4	2	1	2	3	1	3	3	2
7	3	3	1	1	1	2	1	3	5	5	3	3	4	5	3	4	1	1	4	3	2	1	5	3	3	1	3	4	3	5	1	5
8	5	2	3	1	1	5	4	1	2	2	2	3	4	1	2	1	1	2	2	1	1	1	4	5	1	3	3	2	2	4	2	5
9	3	2	1	1	1	1	1	1	3	1	5	1	1	1	1	1	1	2	4	1	2	1	4	1	1	5	2	1	5	4	1	1
10	3	2	3	3	1	5	1	4	2	1	4	4	5	1	1	1	4	4	4	5	3	1	4	4	1	2	4	3	5	5	2	2
11	3	3	3	2	1	4	5	3	2	1	3	3	5	2	4	2	2	2	4	1	1	1	5	1	3	2	5	4	2	4	1	5
12	2	2	5	1	1	5	4	1	1	1	3	5	2	1	3	1	5	1	5	1	1	1	5	3	1	2	3	3	1	3	1	1
13	4	4	4	1	1	3	2	1	5	5	5	3	5	5	2	3	1	1	5	3	4	1	5	3	4	3	2	3	2	4	1	2
14	2	2	1	1	1	3	3	3	1	1	4	1	5	1	1	1	3	1	5	3	3	1	3	3	1	5	5	2	3	5	4	5
15	2	5	1	1	1	4	2	3	2	1	4	1	3	1	1	1	4	2	3	1	1	5	3	1	5	5	5	2	4	5	1	5
16	5	5	3	3	3	4	5	3	5	2	3	3	4	2	4	5	3	1	5	1	5	2	5	3	3	1	3	5	3	5	5	1
17	1	1	1	1	1	5	2	1	4	1	1	1	3	5	1	1	1	2	5	2	2	1	5	1	1	3	4	2	1	5	4	5
18	3	2	2	1	3	3	3	1	5	5	4	2	2	3	1	1	1	1	5	3	1	2	1	3	3	3	3	4	3	3	1	5
19	3	5	3	5	5	5	5	3	3	3	3	1	4	2	1	2	1	1	3	3	1	1	3	3	1	1	2	5	1	3	1	4
20	2	3	3	3	2	5	5	4	2	1	3	4	4	2	1	4	2	1	4	1	5	1	4	2	1	3	3	4	2	5	3	1
21	5	3	4	2	3	5	4	2	4	4	3	3	4	4	2	5	2	1	5	1	5	3	5	5	2	2	1	5	2	4	3	3
22	4	4	4	3	1	5	5	5	3	1	1	5	4	2	1	1	2	1	4	1	2	4	5	3	3	1	1	5	4	5	5	5
23	3	4	2	1	1	4	3	3	3	2	2	3	3	3	2	2	1	4	4	3	2	1	3	3	1	1	1	3	2	5	2	5
24	2	2	3	2	3	4	3	2	5	5	5	3	4	4	2	3	2	2	3	5	5	3	2	4	3	3	4	3	5	5	3	5
25	4	5	5	2	1	5	4	2	3	2	4	4	5	4	5	3	4	2	5	5	4	3	4	5	3	4	5	5	5	5	3	3
26	2	2	1	3	1	5	2	5	1	1	4	2	5	1	3	1	2	1	2	4	1	1	3	4	1	5	5	1	3	5	1	3
27	3	3	1	2	3	5	2	1	5	5	4	3	3	2	1	4	2	4	5	3	2	2	4	5	5	4	4	3	1	4	4	5
28	2	2	3	1	3	4	2	2	5	5	2	2	4	4	1	1	2	2	3	1	1	1	3	4	2	2	5	2	1	4	2	5
29	5	1	1	1	2	5	2	1	1	1	1	4	4	2	3	5	1	1	3	3	1	1	5	5	1	3	5	3	1	5	4	3
30	5	4	2	2	2	4	3	4	4	2	5	3	5	3	2	2	4	2	5	4	2	2	5	4	3	4	4	3	4	5	3	2
31	2	3	3	1	1	4	3	3	3	1	4	4	4	4	4	4	2	2	4	1	1	1	1	5	1	2	4	4	2	5	4	3
32	4	4	2	2	2	3	2	2	2	2	5	5	4	1	1	3	4	1	5	4	1	2	3	1	3	1	2	1	3	4	2	1
33	4	5	3	1	1	5	4	3	1	1	3	3	3	1	2	3	4	2	2	1	2	1	2	2	1	4	5	3	3	5	1	5
34	5	3	5	2	1	5	4	4	4	3	5	5	5	5	4	1	5	1	5	3	3	1	5	4	4	3	3	3	4	5	5	5
35	4	5	4	3	1	5	4	4	3	1	3	2	5	3	2	5	3	5	5	2	3	2	5	3	1	1	3	5	3	5	5	1
36	1	1	1	1	1	5	3	1	1	1	5	3	5	1	5	4	2	3	3	4	1	1	3	3	3	3	4	2	5	5	2	5
37	4	5	3	3	3	5	3	2	5	5	5	3	4	5	3	4	3	2	4	1	1	1	2	1	2	4	4	4	4	5	1	5
38	3	3	5	3	3	4	3	2	5	3	2	2	4	3	3	2	2	5	5	1	5	1	3	5	5	2	4	4	1	5	5	3
39	3	4	4	3	2	5	2	5	5	1	5	3	5	4	3	1	4	2	4	5	3	5	3	4	4	2	4	3	3	5	1	5
40	4	1	1	1	1	5	2	2	3	5	3	3	1	5	1	4	1	3	5	1	2	1	5	5	2	2	4	5	2	3	3	5
41	2	1	1	2	1	5	4	3	2	1	1	3	3	2	2	1	1	1	3	1	1	1	3	1	1	5	5	3	1	2	1	2
42	5	4	5	5	5	5	5	1	1	5	5	3	3	3	1	1	1	5	5	2	4	1	1	5	1	1	1	3	1	5	5	3
43	2	5	1	5	1	5	5	5	5	2	3	2	5	4	3	3	2	2	3	1	2	1	3	1	1	2	4	4	2	5	3	5
44	2	4	2	1	1	5	3	5	1	1	3	5	5	1	2	2	5	1	3	2	2	5	4	3	1	3	5	3	3	5	2	5
45	4	5	5	3	4	4	3	4	3	2	5	4	3	1	4	1	3	4	3	3	1	3	4	2	2	5	5	4	4	5	5	5
46	5	5	5	5	5	5	5	2	1	1	3	1	2	2	1	1	1	4	2	5	5	1	4	5	1	4	3	5	2	5	1	4
47	4	3	1	2	2	4	4	2	2	1	5	4	5	2	1	5	5	4	5	3	4	1	3	5	1	4	5	3	3	5	5	4
48	2	3	1	2	1	5	3	4	2	1	5	3	5	3	1	2	1	1	3	1	1	1	2	2	1	2	4	2	4	5	2	5
49	2	4	3	2	2	4	2	4	3	2	2	3	5	3	2	2	2	2	4	5	2	1	3	4	2	2	3	3	4	3	2	2
50	2	2	2	1	1	5	3	3	2	1	5	2	4	1	1	3	1	1	2	1	1	1	2	1	1	2	5	3	2	5	1	5
51	3	4	1	4	1	4	2	1	5	5	4	3	4	5	1	1	3	4	3	1	1	1	3	4	1	4	4	4	2	4	4	5
52	2	4	4	5	5	5	5	2	5	5	3	3	4	5	2	4	3	3	3	5	2	1	5	5	2	2	3	5	2	4	1	4
53	5	4	3	3	2	4	2	2	3	4	5	3	4	2	2	3	4	2	5	5	5	5	5	5	3	1	4	4	4	5	5	3
54	3	3	4	1	1	3	2	2	4	2	4	5	5	4	3	5	5	5	4	5	4	1	5	5	3	1	3	3	5	5	3	1
55	5	3	4	1	4	3	1	1	3	4	5	3	4	3	2	2	5	2	5	4	4	2	5	4	1	1	2	3	5	5	1	1
56	4	5	2	2	3	5	4	3	3	4	3	4	5	3	3	2	3	2	4	4	2	1	1	3	1	3	3	4	2	4	4	5
57	3	4	4	4	3	4	4	4	2	1	5	2	5	2	4	3	5	2	3	2	1	3	5	1	2	2	2	3	4	5	2	3
58	5	5	2	1	1	5	1	3	3	1	5	2	3	3	2	1	5	4	5	2	2	1	5	3	1	5	5	3	5	5	2	5
59	3	3	1	3	2	4	3	1	5	4	1	5	4	5	1	2	1	1	4	2	1	1	5	3	3	2	4	4	1	5	3	3
60	4	4	5	1	1	3	3	2	1	1	5	5	3	1	3	1	4	1	1	1	1	3	1	1	1	1	1	1	1	3	1	1
61	4	5	4	4	4	5	4	4	2	2	5	4	4	3	2	3	5	4	4	2	5	5	3	4	2	1	2	4	4	4	3	1
62	3	3	3	3	4	5	4	4	1	1	1	3	3	3	3	4	3	1	3	1	1	1	4	1	1	2	3	3	3	5	2	5
63	5	4	4	4	5	5	5	3	3	3	2	5	4	3	3	5	2	1	4	1	2	1	5	5	1	1	2	5	2	5	5	1
64	4	2	3	2	2	4	3	4	1	1	2	3	3	2	4	5	3	3	3	1	1	1	5	5	1	2	3	4	2	5	5	3
65	1	2	2	1	3	5	2	1	5	5	2	1	5	5	1	1	2	1	1	2	1	1	2	1	1	3	5	4	5	5	4	5
66	5	2	3	2	1	5	3	2	1	1	1	5	3	3	1	2	1	2	3	1	1	1	3	3	1	2	2	2	1	3	3	3
67	3	2	2	5	5	4	3	2	1	2	1	4	2	1	1	4	2	1	3	1	1	1	5	5	1	3	3	4	2	4	2	1
68	2	3	3	4	2	3	1	5	2	2	3	3	4	3	3	1	2	2	3	5	2	2	1	3	4	3	3	2	3	5	2	4
69	2	2	3	5	2	5	2	4	3	5	2	3	4	1	4	3	2	5	4	1	2	1	5	1	1	1	3	4	3	5	1	4
70	2	2	2	1	1	3	1	1	5	5	3	1	3	4	1	2	3	1	3	3	1	1	1	1	1	5	5	3	3	5	1	4
71	2	1	3	1	1	3	3	3	1	1	2	1	3	1	5	5	2	1	5	2	1	1	1	5	2	2	4	3	1	5	5	2
72	5	1	5	2	1	4	2	4	1	1	3	4	2	1	5	5	1	1	3	1	1	1	1	5	1	4	4	4	1	5	3	5
73	3	2	1	1	1	4	3	1	1	1	2	2	3	1	1	3	1	2	5	3	3	1	4	3	2	2	3	1	2	5	4	2
74	4	3	4	1	1	5	5	3	2	2	2	4	5	1	2	5	2	5	5	5	3	1	3	5	1	2	5	5	2	5	1	5
75	4	3	5	1	1	4	3	4	1	1	1	4	5	1	3	5	3	2	5	1	5	3	2	5	1	1	3	2	2	4	4	3
76	5	5	4	2	1	5	4	5	4	1	2	5	5	5	2	5	5	5	5	2	5	2	5	5	1	3	4	4	4	5	3	4
77	2	2	5	1	1	4	4	2	1	1	2	2	3	1	3	5	1	2	3	3	1	1	3	5	1	1	4	5	1	5	4	3
78	4	2	1	1	1	3	1	1	5	5	5	5	5	3	1	1	4	1	5	5	1	1	3	5	1	1	5	3	5	5	3	1
79	2	5	1	3	1	4	4	4	5	5	5	5	5	4	1	1	5	1	5	2	2	3	1	5	5	1	2	5	5	5	5	3
80	4	3	5	2	1	5	3	5	3	1	1	3	5	2	5	4	2	1	4	3	2	1	4	3	2	1	5	4	3	5	4	5
81	5	4	4	1	2	5	3	3	2	1	2	2	3	2	5	3	2	1	4	5	2	1	5	5	1	3	4	3	2	5	4	5
82	3	2	1	1	2	5	5	4	1	2	2	3	4	1	4	5	3	2	3	5	1	1	4	5	1	2	3	5	2	5	4	2
83	4	5	1	1	1	5	1	1	2	1	5	3	4	1	1	1	5	4	5	1	3	2	5	1	4	1	3	2	3	4	3	5
84	3	2	1	1	1	5	3	3	5	3	2	2	4	5	5	4	3	1	5	3	1	1	3	1	3	1	3	3	5	5	5	5
85	5	5	4	1	1	4	4	1	4	4	5	5	5	3	3	3	3	3	5	1	1	1	5	1	1	1	4	4	5	5	3	5
86	4	3	1	5	5	5	5	3	2	2	2	3	3	3	2	3	5	1	5	2	4	1	4	4	2	2	4	5	5	4	3	1
87	5	5	5	4	4	5	4	5	4	4	5	5	4	4	4	4	5	5	5	4	4	4	5	5	2	1	2	5	5	5	4	2
88	5	4	5	2	1	5	2	4	3	2	3	4	5	1	4	1	2	2	3	5	1	1	2	5	1	2	5	3	4	5	5	3
89	5	1	5	1	1	5	1	1	4	1	5	5	5	1	3	1	3	5	3	4	1	5	1	1	2	5	5	3	3	5	1	5
90	3	3	3	1	1	3	1	2	2	1	4	3	4	2	2	1	4	3	3	2	1	1	2	2	1	3	3	1	4	4	1	2
91	1	1	1	1	1	4	1	1	2	2	3	1	4	4	1	3	1	4	4	1	3	1	5	1	1	1	4	3	2	5	2	3
92	1	1	1	1	1	4	5	1	5	1	1	1	5	5	1	1	1	1	5	5	1	1	5	3	1	3	3	1	3	5	4	1
93	4	3	2	3	3	3	2	2	2	2	5	4	5	2	1	1	5	4	5	3	2	4	2	2	1	2	3	2	4	4	2	3
94	2	3	1	4	4	5	5	3	2	2	1	5	2	1	2	5	3	1	4	1	2	1	4	4	1	1	1	5	1	5	4	3
95	3	2	1	1	1	5	5	3	2	2	2	3	4	2	2	4	2	2	4	1	2	1	2	1	1	1	2	4	2	4	2	3
96	4	4	4	1	2	5	5	2	2	1	1	5	4	1	2	5	3	1	4	1	1	1	4	2	1	3	3	5	3	5	5	4
97	1	1	1	1	1	2	1	1	3	4	1	1	1	5	1	1	1	1	1	1	1	1	1	4	1	1	1	1	1	5	1	1
98	3	2	2	4	1	5	5	2	1	1	3	1	4	1	2	2	1	4	4	1	1	1	1	5	2	1	1	4	1	3	3	5
99	1	1	1	1	2	3	4	1	2	1	3	5	5	2	1	1	3	1	5	1	1	1	5	5	1	1	3	5	1	5	5	1
100	3	4	1	5	5	5	1	1	3	5	3	5	4	1	1	2	2	2	5	3	1	1	4	2	1	1	5	3	3	4	1	4
101	3	1	2	2	3	5	5	2	5	5	3	2	4	5	1	2	3	4	4	1	4	1	4	1	3	3	4	3	3	5	3	2
102	5	1	4	1	1	4	3	1	1	1	5	4	3	1	2	3	1	3	3	1	1	1	5	1	1	2	1	3	1	5	1	3
103	5	5	5	4	4	5	4	2	4	4	5	5	5	5	4	2	4	2	5	4	4	2	1	5	2	1	1	2	4	5	3	1
104	5	4	4	2	2	5	5	2	2	1	5	5	5	2	4	5	2	5	4	4	4	1	5	3	1	4	4	5	4	5	2	1
105	5	4	5	2	2	3	3	4	2	2	2	4	3	2	5	4	4	3	3	2	2	3	3	3	2	1	2	3	3	4	3	2
106	4	2	2	1	1	3	3	1	1	4	3	1	3	1	3	3	1	3	5	1	1	1	4	5	3	1	3	4	3	3	1	4
107	4	4	3	3	1	4	4	5	2	1	2	3	5	1	2	3	1	2	4	2	1	1	5	2	1	2	2	5	2	5	3	1
108	1	2	4	1	3	4	1	2	5	5	5	2	1	5	2	4	5	4	4	2	1	4	2	5	2	1	3	2	5	5	5	4
109	1	3	2	3	2	4	4	1	1	1	2	1	4	1	1	2	1	1	1	1	5	4	4	1	1	1	4	2	3	2	1	3
110	3	3	4	2	2	4	5	4	2	2	1	2	3	3	2	5	2	3	3	1	1	1	2	2	1	1	2	4	1	4	2	1
111	3	4	1	2	3	5	2	2	5	1	1	5	4	3	1	1	1	2	5	1	1	3	2	4	1	1	2	4	1	4	4	3
112	3	4	1	1	1	4	1	1	3	2	5	3	5	3	2	1	5	3	5	3	2	4	1	3	2	2	2	3	4	5	3	1
113	2	3	1	2	1	3	1	1	5	4	5	3	4	5	2	1	4	3	4	5	2	1	3	2	3	1	3	5	5	4	1	3
114	2	2	1	1	2	3	2	1	3	3	1	2	1	1	1	4	2	1	5	1	1	1	5	3	5	4	4	2	2	4	4	5
115	5	3	1	1	1	5	3	2	1	1	5	3	5	3	1	2	5	1	4	1	1	4	1	1	2	2	5	4	4	5	4	5
116	2	5	3	1	3	5	3	2	3	3	3	4	5	4	2	5	4	2	4	5	3	3	3	4	3	1	5	4	4	5	3	3
117	2	4	2	1	2	3	1	1	1	3	5	1	4	1	1	1	2	2	3	1	5	5	1	1	1	1	3	1	2	4	1	4
118	2	2	2	5	2	5	5	3	2	1	1	2	2	1	1	5	1	1	4	1	1	1	1	1	2	4	3	3	2	2	1	5
119	3	2	4	4	2	4	4	2	2	2	4	4	3	2	1	2	4	1	5	1	2	2	4	1	2	1	2	3	2	4	3	4
120	4	4	2	4	2	5	1	1	2	4	3	4	1	3	1	1	2	2	4	1	3	3	2	1	2	1	1	2	2	3	2	3
121	5	3	4	5	5	2	4	5	3	5	5	5	4	3	3	2	1	2	5	4	3	2	1	4	1	1	1	5	5	5	4	5
122	1	3	3	4	3	4	4	3	2	2	1	1	2	3	4	5	1	1	4	1	1	1	3	2	1	3	2	4	1	5	5	3
123	5	2	1	1	1	4	2	1	1	1	5	3	3	1	1	4	5	3	4	2	2	3	4	2	2	2	3	1	5	5	1	4
124	2	3	1	1	3	3	3	2	4	2	3	3	3	3	3	2	4	4	4	1	5	4	2	4	4	1	2	3	4	5	2	4
125	4	4	4	1	3	4	5	3	2	2	4	4	4	4	4	4	5	3	5	2	5	3	4	5	1	1	1	5	4	4	5	4
126	4	4	4	2	2	3	2	2	3	2	5	2	4	3	3	1	4	2	5	4	5	5	4	3	4	1	4	3	5	5	2	5
127	5	2	2	2	1	5	3	1	1	1	4	2	5	1	1	3	2	2	3	1	1	2	1	1	2	3	4	2	2	5	1	1
128	4	4	4	3	2	5	4	3	2	1	4	5	4	3	2	4	3	4	4	1	1	3	4	1	2	1	2	4	3	5	4	2
129	4	5	3	3	5	5	5	1	3	5	5	5	5	1	1	1	5	5	5	5	5	5	1	3	5	1	2	5	5	5	5	5
130	4	3	2	1	1	4	2	1	5	4	3	2	3	5	2	1	3	5	3	2	1	1	2	1	1	1	5	3	1	5	1	5
131	5	3	5	2	1	5	4	4	1	1	5	5	4	2	5	1	4	3	4	2	1	4	5	3	2	4	5	4	4	5	3	1
132	1	3	4	1	1	5	4	1	1	1	1	1	4	1	1	4	1	1	5	2	1	1	5	1	1	2	4	4	3	5	5	3
133	1	5	2	4	1	5	3	2	4	1	4	5	5	3	2	1	1	2	3	1	1	1	2	1	1	3	2	4	2	3	3	5
134	4	1	1	1	1	2	1	1	3	1	5	3	4	2	1	1	5	5	5	5	5	3	3	4	3	1	3	1	5	4	1	4
135	3	3	3	1	2	3	3	3	3	3	3	3	3	4	3	3	3	1	3	3	2	1	1	3	3	2	2	4	4	4	4	4
136	5	2	1	3	2	4	4	1	3	1	4	4	5	2	5	4	4	2	4	1	3	1	4	4	2	3	2	5	4	5	1	5
137	4	2	5	2	4	5	4	3	5	5	3	3	3	5	2	2	1	5	3	4	1	2	5	5	4	1	3	5	5	5	3	3
138	4	3	3	3	3	5	4	2	4	3	4	5	5	3	2	5	4	3	3	1	1	4	3	1	1	2	3	2	2	3	1	1
139	2	3	2	1	1	3	1	2	5	4	5	3	5	5	1	1	1	5	5	2	5	3	2	4	1	2	3	2	2	4	1	3
140	1	3	1	2	1	4	3	1	3	2	3	1	4	1	3	1	4	3	5	5	5	3	2	4	2	4	4	2	3	5	3	5
141	5	4	3	2	2	3	1	1	1	1	4	3	5	2	2	3	5	5	5	1	4	3	2	1	1	2	3	2	4	4	5	5
142	3	5	1	5	5	5	5	5	3	4	4	1	5	1	1	1	1	1	5	1	1	1	1	3	1	1	1	5	3	3	1	5
143	1	2	2	2	1	5	5	4	1	1	4	4	3	1	2	2	1	1	5	5	1	1	3	4	1	3	5	5	4	4	1	1
144	3	4	2	1	1	5	3	2	1	1	3	1	3	1	1	4	1	1	3	3	1	1	5	2	1	2	4	3	1	5	1	5
145	3	4	1	1	4	5	5	1	5	5	2	3	3	5	1	1	4	1	5	3	3	1	4	4	1	1	3	5	4	5	3	3
146	2	4	2	1	2	4	2	1	2	1	3	3	4	4	2	1	2	3	2	1	2	4	2	1	1	2	2	2	2	4	3	2
147	5	3	5	1	1	5	5	3	2	1	4	4	5	3	5	4	2	5	5	1	1	1	5	5	1	2	4	3	4	5	2	4
148	4	2	3	5	5	5	4	2	2	3	5	5	4	2	2	2	1	3	5	1	1	3	4	1	1	1	1	5	2	2	2	3
149	3	4	3	4	4	5	5	3	3	4	1	4	4	3	3	1	2	5	4	3	2	3	3	4	1	2	2	4	2	3	2	1
150	2	3	1	5	5	3	5	3	2	3	2	3	3	2	1	2	1	3	4	1	1	1	2	3	1	1	2	4	2	3	3	1
151	2	3	4	3	3	4	4	5	2	2	4	4	4	2	1	3	3	1	4	1	1	1	5	4	1	2	3	5	3	5	3	1
152	4	4	4	2	2	3	3	1	2	1	3	4	2	3	2	2	3	4	2	1	1	1	4	5	1	4	2	3	4	5	2	3
153	5	5	5	2	1	4	2	5	2	2	2	3	5	5	3	1	1	2	1	1	1	5	3	5	1	1	3	4	2	5	4	4
154	5	3	5	1	2	4	2	3	2	1	4	2	3	2	2	4	3	4	3	1	1	1	3	3	2	4	5	4	2	3	2	1
155	5	1	5	3	4	5	5	5	2	2	1	5	5	2	4	2	1	2	3	1	3	1	1	1	1	1	2	5	1	5	1	3
156	4	5	2	3	2	3	2	1	4	3	4	3	5	4	5	2	3	1	3	4	5	4	3	3	3	2	3	4	3	3	4	4
157	5	2	4	1	1	5	2	1	1	1	5	4	5	1	5	1	1	3	3	1	1	1	3	2	1	1	4	1	1	4	1	4
158	3	4	3	2	2	4	4	2	2	2	4	3	2	2	2	2	2	4	5	1	1	1	3	1	1	2	2	3	2	5	4	2
159	1	2	1	3	2	5	3	1	3	3	4	4	4	2	1	1	4	1	5	2	5	4	5	5	3	4	5	4	4	5	2	5
160	4	4	4	3	2	4	3	4	4	2	4	5	4	3	3	3	3	4	5	3	4	2	5	4	3	2	2	3	4	5	5	5
161	4	3	5	5	4	5	4	5	2	3	1	5	4	1	2	4	3	1	2	4	5	4	5	5	1	1	1	4	2	5	4	1
162	2	2	1	1	1	4	2	1	5	5	5	2	4	4	1	1	2	1	3	1	1	4	4	2	3	4	5	3	2	5	3	5
163	5	3	3	1	1	5	2	2	1	1	3	5	5	1	3	4	1	2	3	1	1	1	1	5	1	1	1	2	1	3	2	2
164	5	5	3	1	1	5	3	3	3	3	2	2	2	2	1	1	1	5	1	2	1	1	1	1	1	1	1	1	1	3	1	1
165	3	3	2	1	1	4	4	1	2	1	4	1	4	1	2	1	3	2	1	1	1	4	1	3	2	5	5	1	4	4	1	4
166	3	4	5	2	1	5	4	4	1	1	5	4	5	2	5	2	4	3	5	4	4	2	2	2	1	2	5	4	5	5	4	2
167	2	2	2	2	2	2	2	3	2	4	4	3	4	2	1	1	3	1	4	1	3	1	2	5	1	1	2	3	4	4	3	1
168	3	3	3	1	2	4	3	3	3	2	1	3	1	2	2	2	1	1	2	1	1	1	5	2	1	1	2	4	1	3	2	4
169	3	4	4	1	1	5	5	5	1	1	4	3	3	1	5	2	1	1	1	1	1	4	4	4	1	3	4	5	3	5	5	1
170	4	2	2	1	1	3	1	1	2	1	5	3	5	1	2	1	4	2	3	1	4	4	1	1	1	1	3	1	5	4	3	4
171	5	4	5	5	3	3	1	5	4	1	3	5	4	4	4	1	2	3	5	2	5	3	3	5	1	1	1	1	3	5	3	4
172	4	4	4	1	1	5	5	5	1	1	4	3	3	1	5	1	1	1	1	1	1	4	4	4	1	4	4	5	3	5	4	1
173	5	4	4	3	3	5	5	2	2	2	2	5	4	2	3	2	2	1	4	1	1	5	5	2	1	1	1	5	3	5	2	3
174	3	2	1	4	2	5	5	2	2	3	1	2	4	2	1	5	1	1	4	1	1	2	4	3	1	1	4	5	3	5	2	5
175	5	1	3	1	1	5	1	2	1	2	4	5	3	3	3	5	5	5	4	5	5	5	5	3	5	3	5	5	5	4	1	3
176	1	5	1	1	1	4	1	1	3	1	5	1	5	5	1	5	1	1	4	1	5	1	5	4	2	3	1	1	3	3	3	5
177	1	1	1	5	4	5	5	4	1	2	1	1	3	1	2	5	3	1	5	2	2	1	1	5	1	1	3	4	3	4	3	4
178	3	3	1	1	1	4	1	1	1	1	4	3	2	2	1	1	3	1	5	1	3	4	4	4	4	3	2	4	3	5	1	5
179	4	4	1	3	3	3	3	1	3	3	4	3	5	3	1	1	2	3	3	1	1	4	1	1	3	2	3	3	3	3	1	3
180	5	5	3	2	2	5	3	2	4	2	2	2	4	3	3	1	4	4	5	3	4	2	2	3	2	1	4	4	2	3	4	4
181	4	5	5	4	3	5	3	5	1	1	5	4	4	1	1	5	1	1	1	1	1	1	1	1	1	1	5	4	4	5	5	1
182	4	4	2	2	3	3	3	3	2	2	3	3	3	3	3	5	3	4	3	2	2	2	3	3	2	2	2	3	3	4	2	2
183	3	2	3	2	2	4	2	2	5	4	4	2	4	5	2	2	3	2	4	1	1	1	3	4	2	2	5	5	5	5	3	5
184	5	5	5	2	2	4	1	2	4	2	5	5	3	3	1	1	4	1	5	3	1	3	3	5	3	1	3	5	4	5	5	5
185	3	3	1	1	1	3	1	1	1	1	5	3	2	1	1	1	5	3	1	2	1	5	2	2	1	1	3	2	5	3	1	2
186	2	5	2	5	2	3	2	1	5	1	5	2	3	1	2	2	3	5	5	1	2	1	5	3	5	1	3	2	5	5	4	5
187	3	3	3	1	1	2	1	4	1	1	5	3	2	1	2	1	2	3	4	3	2	1	3	4	4	3	4	1	4	4	2	4
188	5	3	1	1	1	5	2	1	1	1	3	2	2	1	1	1	2	1	2	1	1	3	2	1	1	2	1	2	1	2	3	2
189	4	1	3	1	5	5	5	1	2	5	5	4	3	5	3	3	1	5	5	2	2	3	3	3	3	2	2	3	3	3	3	4
190	4	3	2	3	1	5	3	3	1	1	5	2	5	1	2	1	2	2	4	3	1	1	2	3	1	1	2	3	1	3	3	1
191	3	3	2	5	3	5	4	3	5	4	5	3	3	4	1	2	1	1	2	1	1	1	4	5	4	1	3	3	2	4	4	2
192	3	4	1	1	1	4	4	1	1	1	3	2	1	1	1	1	5	1	3	4	5	1	2	2	4	3	2	1	5	4	1	2
193	3	3	2	1	1	5	4	4	3	1	3	2	5	1	2	1	2	1	3	4	1	5	2	4	1	5	4	1	2	5	2	5
194	3	3	1	1	3	3	2	1	3	1	4	2	2	2	1	1	3	3	4	1	3	4	4	4	4	1	2	3	3	5	1	5
195	2	3	2	1	1	4	4	4	1	1	4	3	4	1	3	3	3	1	3	1	5	3	5	2	1	1	2	4	2	4	4	1
196	3	3	2	1	1	5	5	3	3	1	2	5	4	3	3	4	2	2	3	2	2	3	4	4	3	4	4	5	3	4	3	1
197	4	4	2	1	1	5	3	3	3	1	4	4	5	4	2	3	2	1	5	3	1	1	5	5	1	2	3	3	3	5	4	1
198	2	1	1	1	1	4	2	4	1	1	1	4	3	1	1	3	1	1	5	5	1	1	5	1	1	2	4	1	4	5	1	4
199	4	3	2	1	1	3	4	1	1	1	2	1	3	1	1	4	1	1	4	1	3	1	2	4	1	1	2	3	1	5	3	4
200	2	2	1	1	2	3	3	2	2	1	4	3	3	1	1	4	3	1	4	4	2	1	3	5	1	1	3	4	1	5	5	3
201	3	2	3	1	3	5	5	3	1	1	3	4	4	2	2	3	2	1	1	1	1	1	5	2	1	1	2	4	2	2	2	5
202	4	5	1	1	1	5	2	5	1	1	5	5	5	1	5	1	1	1	5	1	5	5	4	4	1	4	5	5	5	5	1	5
203	2	2	2	1	1	4	4	3	5	4	1	3	5	3	1	4	1	1	2	5	2	1	3	4	1	3	4	4	1	5	3	4
204	2	2	1	3	2	5	4	3	5	5	3	1	4	5	3	4	3	2	3	5	1	1	4	3	3	1	4	1	2	5	4	3
205	1	2	1	4	3	5	4	3	1	2	5	2	2	1	1	1	1	1	3	1	3	1	1	1	1	1	1	4	4	4	1	3
206	5	4	1	1	2	2	2	1	4	4	5	3	5	5	1	1	4	4	4	4	3	5	1	4	4	1	1	4	5	5	1	2
207	5	3	5	4	4	4	4	2	2	4	5	3	5	3	5	4	5	3	4	1	3	3	3	3	1	1	1	4	5	4	3	3
208	5	2	4	1	1	4	2	2	3	2	5	5	4	3	5	4	2	2	4	2	1	2	5	5	2	3	3	4	3	4	2	5
209	3	3	3	1	1	2	1	1	3	2	3	3	4	2	1	3	5	1	4	2	3	2	3	5	1	4	5	3	2	5	5	5
210	4	4	4	4	3	4	5	3	2	2	4	5	3	2	4	3	3	4	4	1	1	1	5	5	1	1	1	4	4	5	4	3
211	5	4	5	4	5	4	5	4	5	4	5	4	5	4	5	4	5	4	5	4	2	3	2	5	5	5	5	4	4	5	4	5
212	1	3	2	1	1	5	5	4	1	1	3	2	5	1	1	3	1	1	3	5	1	1	3	5	1	5	5	1	4	5	3	4
213	5	3	4	5	5	5	5	4	3	3	5	4	4	3	4	3	5	1	5	2	5	5	5	1	4	1	4	4	5	5	2	1
214	3	3	3	3	4	5	4	4	5	5	5	4	5	5	4	5	3	3	5	2	1	1	3	3	3	4	4	5	4	5	4	4
215	4	3	3	3	3	4	3	2	5	5	4	5	5	5	4	4	4	2	2	1	1	2	2	3	2	4	4	5	4	4	2	3
216	3	1	1	1	1	3	1	1	1	1	1	3	1	1	1	3	1	1	3	5	1	1	5	5	1	3	3	1	1	5	4	1
217	3	3	2	3	4	4	1	1	4	4	3	1	3	5	3	1	2	1	3	1	1	1	1	3	1	1	4	1	2	4	3	1
218	2	3	1	2	1	5	4	3	2	2	5	5	5	1	2	1	4	3	4	3	4	3	3	2	2	2	2	2	5	5	4	5
219	2	1	5	2	4	5	4	2	5	5	3	3	5	5	3	4	1	2	4	5	5	1	2	4	1	3	3	5	3	5	4	5
220	5	3	4	1	2	5	3	3	1	1	1	5	3	1	3	5	2	1	2	1	1	1	5	5	1	3	5	5	1	5	5	4
221	3	3	1	1	1	3	4	1	5	5	3	1	5	3	2	4	3	2	4	2	5	1	5	5	3	1	3	4	2	5	3	5
222	3	4	1	4	4	5	5	3	2	1	3	5	5	3	3	4	4	1	5	1	5	3	3	5	3	1	2	5	3	5	4	4
223	2	3	1	2	2	3	2	2	1	1	3	3	3	1	1	1	1	2	4	1	1	2	4	2	3	3	4	3	2	3	1	1
224	4	5	2	3	2	5	3	2	5	3	5	3	4	2	2	2	3	3	4	5	4	4	5	5	2	2	3	3	3	5	5	5
225	2	4	3	1	3	5	4	4	1	1	1	1	2	1	1	2	1	3	1	1	1	1	4	1	1	1	2	4	2	3	1	1
226	3	3	4	4	4	5	4	4	2	2	4	4	4	3	2	5	3	3	4	3	3	1	4	2	1	1	2	5	3	5	4	3
227	2	1	3	1	1	5	3	3	1	1	1	4	2	1	1	1	1	2	4	4	1	1	5	3	5	5	5	3	3	5	3	5
228	5	4	3	3	4	4	4	2	4	4	5	5	5	4	3	4	4	4	4	1	1	2	4	2	1	1	3	3	5	3	1	3
229	3	3	2	3	3	3	3	3	4	5	4	3	4	4	2	1	5	3	5	4	4	1	4	2	4	1	2	4	4	5	2	5
230	2	1	1	4	2	5	5	2	3	2	1	5	3	2	2	2	2	2	5	2	4	1	5	3	2	1	2	4	2	4	5	1
231	4	4	4	3	1	4	2	5	2	2	5	4	5	2	1	2	3	3	4	5	1	1	5	4	1	3	5	3	3	5	3	4
232	2	4	2	2	1	5	3	4	2	1	3	4	5	4	4	3	2	1	5	5	4	3	4	2	4	5	5	2	3	5	2	5
233	1	2	4	4	1	5	4	5	1	1	1	5	5	1	3	1	1	1	5	2	5	1	5	2	3	2	4	2	1	5	1	1
234	1	4	1	1	1	4	2	2	4	4	4	1	3	3	2	2	2	2	4	4	1	3	5	5	3	3	3	2	3	4	3	5
235	1	1	1	5	4	5	2	5	2	2	1	1	2	1	3	3	1	1	2	2	1	1	4	2	3	3	5	2	1	5	3	5
236	5	5	4	1	1	5	1	1	2	3	5	4	4	1	5	2	1	5	2	1	1	3	5	1	3	1	5	1	4	5	1	3
237	5	4	5	3	2	5	3	2	3	4	5	2	5	2	5	2	5	2	2	2	2	2	4	4	3	2	5	5	5	5	1	5
238	2	2	3	4	1	4	1	5	1	1	4	5	5	2	1	4	2	1	4	4	2	1	5	2	1	2	4	3	2	5	5	5
239	2	3	2	2	2	4	2	4	2	1	1	2	5	1	1	2	1	1	3	2	1	1	2	2	1	3	5	3	3	5	1	3
240	4	2	4	1	2	3	1	3	4	2	4	4	3	2	3	2	4	2	3	3	2	3	2	4	3	1	4	3	4	4	3	4
241	3	3	5	2	2	5	5	4	2	2	1	3	3	2	4	5	3	1	3	1	1	1	5	5	2	3	2	3	2	4	5	3
242	3	4	4	4	5	4	3	1	2	1	2	2	5	3	5	4	3	1	2	1	1	2	5	3	1	5	5	3	4	5	3	5
243	3	3	2	1	1	4	3	4	2	1	4	1	5	2	2	1	5	4	3	2	2	2	2	2	2	2	5	2	5	5	1	2
244	4	5	2	4	1	4	3	2	5	3	5	2	5	5	1	1	2	2	2	1	1	4	2	1	4	3	2	5	3	2	1	1
245	1	5	2	1	1	5	1	1	3	1	5	1	3	3	1	1	1	1	2	1	1	1	2	3	1	5	5	1	4	5	1	5
246	3	5	2	1	1	2	1	3	1	1	5	5	3	1	1	1	5	1	5	2	1	5	5	5	2	2	2	3	5	5	5	5
247	5	3	2	5	4	5	5	4	1	1	1	2	1	1	5	3	1	1	1	1	1	1	1	5	1	1	5	4	2	5	3	5
248	3	2	1	1	2	3	1	3	5	4	5	5	5	5	3	1	4	1	5	5	2	1	2	5	3	3	4	3	4	5	4	1
249	5	5	3	2	2	4	2	3	2	2	5	2	5	3	5	1	3	1	2	3	4	1	2	2	1	1	4	3	4	5	4	3
250	4	4	2	1	1	5	3	1	5	5	3	3	2	5	1	1	2	5	5	3	3	3	5	3	2	1	4	4	3	5	5	5
251	1	1	2	1	1	4	3	4	1	1	5	2	4	1	1	1	1	2	4	3	1	2	5	3	1	4	5	1	3	5	4	1
252	2	2	2	1	1	5	4	2	5	5	4	1	4	4	1	2	3	2	4	1	3	1	5	4	3	1	4	4	4	5	1	5
253	3	4	2	1	1	5	4	2	1	1	5	3	5	2	1	2	2	2	4	3	3	5	5	3	5	3	5	3	3	5	2	5
254	1	3	1	1	5	5	5	1	3	1	1	1	2	2	1	5	1	5	5	2	1	1	5	2	5	2	5	5	1	5	1	1
255	2	4	3	2	1	5	3	4	1	1	2	1	2	5	3	3	1	1	3	1	1	1	4	1	3	5	5	1	2	5	1	5
256	2	5	1	2	2	4	2	1	4	4	5	3	5	4	1	1	4	5	5	3	5	5	3	5	1	1	1	4	5	5	4	3
257	3	2	2	1	1	5	2	3	1	1	2	2	2	1	3	3	1	1	2	3	2	1	1	5	1	5	5	1	1	5	3	1
258	4	2	4	5	3	5	5	2	2	2	1	3	4	1	1	5	2	4	5	2	2	1	5	5	1	3	3	5	3	5	4	1
259	2	2	2	4	4	5	3	1	1	1	5	5	3	1	1	1	1	3	5	1	3	1	4	2	1	1	1	4	3	5	1	2
260	5	4	4	1	2	2	2	2	4	3	5	4	4	3	4	4	2	3	5	2	2	2	5	2	1	1	1	3	5	5	1	1
261	3	3	3	1	3	3	3	3	3	3	3	3	3	3	3	3	3	3	3	3	3	3	3	1	3	3	3	3	3	3	3	3
262	3	2	4	4	2	5	5	5	2	1	5	1	5	1	4	2	3	2	5	5	4	5	2	5	4	4	5	2	2	5	3	5
263	3	5	4	3	2	3	3	2	2	2	5	3	5	3	3	1	4	2	5	3	5	5	4	1	4	1	3	3	4	4	1	3
264	1	4	2	3	2	3	2	3	4	1	3	3	5	2	4	3	3	1	2	2	1	3	5	4	2	2	5	1	3	5	2	3
265	2	2	2	2	2	5	5	2	5	5	3	2	3	5	3	3	4	1	3	1	1	1	1	5	3	3	3	5	5	5	4	5
266	1	1	1	2	1	5	5	1	2	2	3	1	3	2	2	1	1	1	1	1	1	1	3	1	1	3	4	1	2	5	1	5
267	3	3	1	4	3	4	4	4	3	1	5	5	5	2	1	3	3	1	4	3	2	1	2	4	3	3	4	3	3	5	4	4
268	4	4	4	3	4	3	2	2	3	2	5	2	4	2	2	1	3	4	5	4	4	2	3	3	1	1	3	4	5	5	4	5
269	1	2	2	5	3	5	2	1	5	5	1	1	4	3	1	1	1	1	4	5	1	1	5	2	4	2	5	4	1	5	3	5
270	3	3	3	2	2	3	2	1	5	4	5	3	5	5	4	1	2	5	4	1	2	2	1	1	2	1	2	5	2	4	3	3
271	3	5	3	1	1	5	4	2	2	1	4	4	4	2	2	1	2	1	2	2	1	1	1	1	1	5	5	2	5	5	1	5
272	4	1	3	2	1	4	4	2	2	1	4	3	3	2	2	5	2	1	4	3	1	1	4	5	1	4	4	3	3	5	5	5
273	3	4	2	3	2	3	1	1	5	5	5	3	4	5	1	1	5	3	5	1	1	2	1	2	2	1	2	4	5	5	1	5
274	3	4	3	2	1	5	4	4	3	2	4	4	5	3	4	2	4	1	4	3	3	2	4	4	1	2	4	4	3	5	5	1
275	5	5	5	1	1	3	3	3	1	1	4	2	2	2	5	4	3	1	5	4	2	4	2	4	5	1	1	4	4	5	3	4
276	5	5	4	2	2	5	5	3	2	2	5	3	5	2	3	3	5	3	2	3	2	5	4	2	2	4	5	4	5	5	1	2
277	4	1	1	3	1	5	1	4	1	1	4	1	4	1	2	1	1	3	4	2	4	1	5	2	1	2	4	1	3	5	5	1
278	5	3	4	2	2	5	5	4	1	1	2	2	5	2	4	3	1	1	1	1	1	1	4	5	1	1	2	3	2	5	2	1
279	4	3	3	3	3	5	3	2	5	5	5	5	4	3	2	4	3	2	5	2	1	1	1	5	5	3	2	5	2	5	5	5
280	3	4	1	1	1	5	1	1	1	2	1	1	2	1	5	1	1	3	2	1	2	1	3	1	1	2	5	1	2	4	1	5
281	3	4	2	1	2	4	2	2	3	1	3	1	3	3	2	2	3	3	4	5	4	5	5	5	1	2	5	2	5	4	3	4
282	2	3	3	1	4	4	3	1	5	5	2	4	4	5	1	4	3	1	4	3	5	1	5	1	1	1	2	4	2	5	1	5
283	1	3	2	1	1	4	1	5	2	1	1	1	3	1	1	4	1	1	4	1	1	1	2	1	1	2	4	2	3	4	1	5
284	2	2	2	5	3	5	5	4	3	2	1	3	4	3	2	3	2	1	4	2	2	1	5	5	3	2	2	5	3	4	5	1
285	2	1	1	4	1	5	4	5	1	1	1	4	3	1	1	4	1	1	5	1	1	1	5	5	3	2	1	2	1	3	5	4
286	2	3	2	2	1	4	2	2	5	4	5	2	5	5	1	1	4	4	2	3	1	2	4	2	1	2	4	3	3	5	1	5
287	4	4	1	1	1	4	4	2	2	1	3	3	5	2	2	4	5	1	5	2	1	1	3	5	2	3	5	3	4	5	2	5
288	4	3	3	1	1	4	2	4	4	2	4	4	4	3	2	2	3	2	3	2	2	1	3	4	2	2	4	3	3	5	2	4
289	2	2	1	1	3	5	4	3	3	2	3	3	5	2	2	4	2	2	5	2	1	2	5	5	1	2	3	4	1	2	5	3
290	5	2	5	1	2	4	4	4	2	2	2	4	4	3	5	3	1	1	4	1	2	1	5	4	1	2	2	3	4	5	5	4
291	4	3	3	1	1	1	1	1	5	5	5	3	4	5	3	1	5	5	3	3	1	5	3	4	1	1	5	5	5	5	4	2
292	4	3	3	2	1	4	1	5	3	1	4	3	4	1	3	3	2	3	3	1	1	1	3	5	1	1	2	3	4	4	4	3
293	3	4	3	1	1	5	2	2	1	1	5	4	5	1	2	1	3	1	2	3	1	4	1	2	1	5	5	4	5	5	3	5
294	4	1	1	5	5	5	4	2	3	1	5	2	5	1	1	1	3	1	4	1	3	3	1	2	1	1	2	4	4	5	2	5
295	5	5	4	1	1	3	1	5	3	1	3	4	5	2	4	2	4	1	3	4	1	1	3	4	1	1	3	2	3	3	2	5
296	3	3	3	1	1	2	1	3	4	1	3	4	4	2	2	2	2	4	5	2	1	1	4	5	1	2	5	3	2	4	4	5
297	4	2	3	4	3	5	5	2	1	1	2	4	5	1	1	5	2	1	1	1	1	1	5	5	1	1	2	5	1	5	5	4
298	1	4	1	3	3	5	3	1	4	4	5	1	3	5	1	2	3	4	3	1	2	3	4	1	3	1	1	3	2	5	2	3
299	3	5	3	1	1	3	2	1	1	1	5	2	4	2	1	1	3	2	5	5	1	5	1	5	2	2	3	2	1	5	3	5
300	3	4	3	1	1	4	3	3	2	1	1	2	4	3	2	3	3	1	3	2	3	1	5	2	1	2	4	2	3	5	1	4
301	3	4	3	3	2	5	3	2	4	2	5	2	4	3	2	1	5	5	4	1	4	3	1	3	3	1	3	3	4	2	3	2
302	5	5	2	2	4	3	4	1	2	3	4	4	1	2	2	2	3	2	4	1	1	2	2	1	2	1	2	5	4	4	1	3
303	3	4	3	1	1	5	2	4	2	1	3	2	5	3	4	3	3	5	4	4	2	1	2	3	1	3	3	3	3	5	2	1
304	4	2	2	5	2	4	4	5	2	2	5	4	4	3	3	4	1	1	4	4	1	1	5	4	4	4	5	3	3	3	1	5
305	4	5	4	1	1	3	1	4	3	1	5	2	4	2	4	1	1	2	1	3	1	1	2	3	3	1	4	3	1	5	1	1
306	5	5	5	4	2	5	2	2	2	1	4	4	5	1	2	1	3	3	5	4	5	2	3	3	1	3	3	3	3	5	4	5
307	3	4	1	4	1	5	5	3	3	1	1	5	4	1	3	5	2	2	3	4	4	1	5	5	2	2	5	5	4	5	5	5
308	2	2	2	5	3	5	5	1	5	4	5	2	5	5	1	1	2	2	5	1	5	5	5	4	2	1	1	5	1	2	1	1
309	3	4	4	2	2	3	3	3	5	2	1	4	4	4	4	4	2	2	4	4	1	1	5	5	2	3	4	4	2	5	4	3
310	2	3	1	3	3	3	3	1	3	3	4	2	4	2	1	2	3	1	3	5	1	1	2	4	5	1	5	3	4	5	4	1
311	1	1	1	2	2	4	4	2	5	5	1	2	2	5	1	5	1	2	2	2	1	1	3	3	2	2	4	3	2	4	4	5
312	5	3	3	3	1	4	3	5	4	3	5	5	5	2	2	4	3	3	3	3	3	2	5	4	2	3	4	3	5	5	5	2
313	2	1	1	2	2	3	3	1	1	2	1	3	1	1	1	3	1	1	1	1	1	1	5	5	1	1	1	2	1	4	2	3
314	3	4	4	1	1	5	4	1	3	2	3	3	4	1	2	2	3	4	4	5	2	1	4	4	1	4	5	2	3	2	2	3
315	5	4	2	5	5	5	5	2	3	2	3	5	5	3	3	5	5	4	5	2	5	4	5	5	2	3	3	5	4	5	5	5
316	4	2	2	1	1	5	3	4	1	1	2	4	3	1	1	2	2	3	2	2	1	1	5	3	1	4	5	4	3	5	1	1
317	3	2	2	2	2	4	2	1	5	4	1	2	1	2	3	2	3	1	4	4	1	1	4	4	4	4	5	3	2	5	4	5
318	1	1	1	3	3	3	4	2	2	2	3	3	3	2	1	4	1	1	3	3	1	1	5	5	1	2	2	5	1	5	3	5
319	3	5	1	3	1	5	4	3	5	5	5	2	4	5	2	1	1	5	3	5	1	2	5	3	5	3	5	2	5	5	3	5
320	3	5	4	1	1	5	2	4	2	1	5	4	5	2	2	2	3	5	5	3	1	3	4	1	1	4	3	3	5	5	3	3
321	5	2	3	3	3	5	5	2	2	1	1	2	4	2	2	4	3	3	5	3	4	3	4	3	3	4	4	4	3	5	3	3
322	4	5	2	1	1	5	3	1	5	2	4	2	4	5	3	1	2	3	4	5	4	2	3	4	2	3	4	3	3	4	4	5
323	5	2	5	1	1	2	2	2	1	1	3	5	3	1	5	3	3	2	4	2	5	1	4	5	2	3	4	2	2	4	3	5
324	2	4	3	3	3	4	4	2	5	5	1	1	3	5	1	1	1	4	3	1	3	1	5	4	4	3	4	5	2	4	2	5
325	1	2	2	2	2	3	3	4	4	2	2	3	3	4	2	1	2	4	4	2	2	1	3	1	1	4	4	2	3	5	4	3
326	5	3	3	1	3	5	3	3	5	5	3	5	4	5	2	5	3	3	4	3	3	2	5	5	5	2	3	5	2	5	5	5
327	4	4	4	4	1	3	1	5	1	1	1	3	3	2	2	1	1	1	4	1	1	1	4	3	3	3	2	1	2	5	2	4
328	3	3	1	2	1	5	5	5	1	1	5	4	4	2	2	4	3	1	4	1	1	3	4	2	2	5	4	4	3	2	2	5
329	1	5	4	5	1	5	5	5	1	2	1	5	5	1	3	5	1	1	3	1	1	1	3	5	1	1	3	1	3	5	3	1
330	3	2	2	2	1	4	4	4	3	2	1	2	3	2	1	3	1	2	4	3	1	1	5	3	2	5	5	3	2	5	2	4
331	4	3	2	1	2	4	3	1	2	1	1	3	5	2	1	1	2	2	3	1	1	1	3	4	1	4	3	3	5	4	1	5
332	2	3	2	3	5	5	2	1	5	2	4	3	3	5	2	5	3	3	3	5	3	4	1	5	4	3	2	4	3	5	5	5
333	3	3	2	4	4	5	2	1	5	5	5	3	3	5	2	2	2	5	5	4	1	4	5	3	3	1	3	3	4	3	1	5
334	5	3	3	3	2	5	3	2	3	3	5	5	3	3	2	2	3	3	3	2	5	4	5	5	3	2	4	3	3	5	3	5
335	4	4	3	1	1	5	4	3	1	1	5	5	5	2	2	1	1	1	5	1	1	1	3	2	2	2	4	3	4	5	3	2
336	5	2	2	3	2	3	5	4	3	3	2	2	2	2	2	5	3	4	4	4	4	2	3	5	2	2	3	5	5	5	4	3
337	1	1	3	5	5	3	4	1	3	5	1	3	3	4	1	2	1	1	4	1	1	1	1	1	2	3	2	5	1	4	1	4
338	3	3	4	4	5	3	3	5	1	1	1	1	1	1	4	5	1	3	5	2	1	1	1	5	4	4	1	5	2	5	5	5
339	2	2	1	3	1	5	2	4	2	1	3	1	3	1	2	1	4	5	5	5	5	2	4	2	1	4	5	4	5	5	4	1
340	5	2	5	1	1	2	2	3	1	1	3	5	3	2	5	3	2	2	4	2	5	1	4	5	2	3	4	2	2	3	2	5
341	5	3	4	1	2	3	1	1	2	2	5	4	4	2	3	1	1	5	3	1	2	5	2	1	1	2	1	4	2	4	2	1
342	3	3	2	1	1	5	5	1	1	1	1	1	3	1	1	4	3	1	3	5	3	4	5	5	3	4	5	5	1	5	5	2
343	2	3	2	4	3	3	3	4	2	3	2	4	3	1	1	1	3	1	2	4	2	1	5	3	1	2	3	2	3	5	4	5
344	2	3	1	1	1	3	3	3	5	3	5	2	4	2	2	1	3	1	5	5	2	1	3	4	5	2	3	3	3	4	1	5
345	1	1	4	1	1	4	2	5	1	1	1	2	3	1	1	1	1	1	4	1	3	1	5	2	4	5	4	1	1	4	1	1
346	3	3	1	3	1	4	1	5	1	2	4	4	5	1	3	3	3	1	4	1	1	1	5	2	3	3	3	2	2	4	3	4
347	5	5	2	1	1	5	4	1	1	1	3	4	1	1	1	4	3	1	3	1	1	1	5	3	1	2	3	2	1	5	3	5
348	2	2	1	2	2	5	5	4	1	1	1	2	4	1	1	2	1	1	3	1	1	1	3	5	1	3	2	4	1	4	5	1
349	3	2	1	3	3	4	4	1	4	4	4	4	2	3	1	1	2	1	5	5	5	1	1	5	5	1	4	4	5	5	4	4
350	3	2	2	2	1	4	3	4	3	1	2	3	4	1	1	3	2	1	5	1	1	1	4	5	1	3	5	1	3	5	5	5
351	2	2	1	2	2	5	5	1	1	1	1	1	1	1	1	4	1	1	1	1	1	1	4	3	1	1	1	5	1	5	3	3
352	3	3	2	5	4	5	3	2	5	5	4	4	5	5	2	2	2	3	5	3	4	1	5	5	4	4	5	3	3	5	4	5
353	1	1	1	1	5	5	3	1	5	5	1	2	3	5	1	3	1	1	5	1	1	1	5	1	3	1	1	2	1	5	5	2
354	4	4	4	2	2	2	2	4	2	2	5	4	5	2	4	3	4	2	2	2	4	3	1	3	2	2	4	2	5	5	3	3
355	3	4	4	4	4	4	3	4	5	2	5	3	4	3	3	3	4	5	5	3	5	4	1	4	3	4	5	4	5	5	1	4
356	4	2	4	4	2	5	5	4	1	1	3	3	4	2	4	4	1	1	3	1	1	2	5	5	1	3	3	3	3	5	2	1
357	5	2	4	5	5	5	4	4	2	2	2	4	4	2	2	3	1	1	3	1	1	1	5	3	1	3	1	5	2	4	2	3
358	1	3	1	3	2	3	3	2	4	3	1	1	3	3	2	4	2	1	3	1	3	1	5	5	2	1	3	2	3	3	3	5
359	5	2	2	2	2	4	4	1	1	2	2	4	3	1	1	1	1	2	4	2	2	1	3	4	2	3	2	2	2	4	1	5
360	5	2	2	1	1	3	1	1	2	1	5	1	5	2	2	3	3	1	3	1	1	1	1	5	1	3	5	2	3	5	1	5
361	4	4	3	5	1	5	3	5	3	1	1	1	3	1	1	3	2	1	3	4	1	2	5	5	1	4	5	4	3	4	3	2
362	4	5	1	1	2	4	5	3	2	2	4	1	5	3	1	4	5	5	5	4	5	4	3	5	2	1	3	3	5	5	3	5
363	5	4	1	1	2	4	3	2	1	2	5	3	5	3	2	4	1	1	2	2	4	2	3	3	1	2	2	4	5	5	5	3
364	5	4	1	1	1	3	2	1	1	1	5	4	5	2	1	3	1	2	2	2	5	2	1	4	1	2	1	4	5	5	5	3
365	3	3	2	2	1	4	4	5	1	1	1	4	3	1	1	2	2	1	2	1	1	1	5	5	1	3	4	3	2	4	4	1
366	5	5	4	1	1	3	2	4	4	4	4	5	4	4	4	5	4	4	5	1	3	2	4	3	1	1	3	2	3	4	5	1
367	1	1	2	5	2	5	5	1	1	1	1	2	4	1	2	3	1	1	1	1	1	1	4	3	1	3	2	3	1	5	3	1
368	5	1	2	1	1	4	5	2	1	1	3	3	4	1	2	5	1	3	4	2	1	1	5	5	1	1	2	4	3	5	5	3
369	3	4	2	1	1	4	4	4	2	2	5	5	5	4	2	4	1	1	4	1	1	1	5	2	3	5	5	3	2	5	4	5
370	4	3	4	4	3	5	4	3	4	2	3	3	2	3	3	5	2	1	5	1	2	1	3	5	3	3	3	3	2	3	5	5
371	4	4	2	2	1	5	2	2	5	4	5	4	5	5	1	2	2	1	5	4	2	1	3	3	3	1	5	3	3	5	3	5
372	2	5	1	5	3	3	3	3	5	5	5	2	3	5	2	2	3	5	5	5	5	3	2	5	3	1	3	3	3	5	2	3
373	3	3	3	1	3	5	5	5	1	1	1	2	4	1	1	4	2	3	5	1	1	1	1	1	1	1	3	5	1	2	2	1
374	5	4	3	1	1	4	2	1	1	1	1	5	4	1	1	5	1	1	4	1	1	1	5	4	1	3	1	3	3	5	5	1
375	2	2	1	1	2	2	1	1	5	5	2	2	3	5	1	2	1	1	4	3	1	1	5	4	1	3	5	4	3	5	5	5
376	2	1	1	3	2	5	2	1	5	5	4	2	3	3	1	3	1	1	3	1	1	1	5	5	2	2	3	2	4	3	1	1
377	2	1	1	1	1	3	1	1	5	3	1	1	3	3	1	1	1	1	3	4	1	1	4	5	1	3	3	2	2	4	1	5
378	3	5	4	5	4	5	4	5	5	5	5	4	5	5	3	4	5	4	4	2	4	3	5	3	2	1	2	3	4	5	5	4
379	4	4	1	5	1	4	1	1	1	1	2	2	3	1	1	1	4	1	5	5	2	1	5	2	2	1	3	1	4	5	5	5
380	3	5	4	3	3	5	5	4	3	2	2	3	3	2	4	3	3	4	4	5	5	1	3	5	1	2	3	5	4	4	3	3
381	3	4	1	2	1	4	3	2	5	5	2	2	4	4	1	2	1	2	3	4	5	1	3	3	1	4	5	3	2	5	5	4
382	5	5	3	2	1	4	2	2	1	1	5	2	4	1	3	2	4	1	1	2	1	1	4	1	1	1	4	3	5	5	2	5
383	4	2	2	1	1	5	4	1	5	1	2	2	4	4	2	5	2	1	4	5	1	2	3	5	1	5	5	2	2	5	4	5
384	1	2	2	5	2	5	5	2	1	1	1	4	3	1	1	2	2	1	2	1	2	1	1	4	1	1	2	5	3	5	3	1
385	2	5	1	5	1	5	1	1	4	3	5	2	5	3	2	1	4	3	3	1	1	1	4	1	1	1	5	2	4	5	1	1
386	3	1	1	3	4	5	5	1	1	1	4	3	4	3	3	4	3	1	5	3	3	1	5	3	1	3	2	5	4	5	5	1
387	2	4	3	3	4	4	3	4	3	3	3	3	4	4	1	2	2	3	2	2	3	5	5	3	1	1	4	4	2	4	4	2
388	2	4	3	2	2	5	3	3	5	3	4	4	5	5	4	3	3	3	3	3	2	1	4	3	1	5	5	3	3	5	4	5
389	3	5	3	4	2	3	4	5	3	1	3	2	5	3	2	2	3	5	4	3	5	5	2	4	3	1	4	3	3	3	3	5
390	2	5	1	2	1	5	1	2	4	3	3	4	5	3	1	2	5	1	4	2	4	4	5	5	3	2	5	2	2	4	2	3
391	5	3	4	3	2	4	3	5	3	4	4	3	5	3	3	4	2	4	4	2	2	2	3	3	1	2	3	3	3	5	1	2
392	4	2	1	4	1	2	1	2	2	1	4	2	3	1	1	1	4	3	5	3	1	1	3	4	1	2	4	1	4	5	2	2
393	3	3	2	3	1	3	2	2	2	1	1	2	2	3	2	3	2	2	3	3	1	1	2	1	2	3	4	2	4	5	3	1
394	5	2	3	1	1	4	4	1	1	1	1	5	2	1	1	3	1	1	3	1	1	1	1	5	2	1	2	3	1	3	3	3
395	1	4	2	4	2	5	5	1	4	1	1	2	2	4	2	4	2	2	3	1	4	2	5	3	1	5	3	3	4	5	1	3
396	4	1	1	4	3	5	5	3	2	1	3	3	5	1	1	5	1	1	4	1	1	1	4	5	1	1	3	5	1	5	3	1
397	2	3	1	4	3	2	3	1	1	2	2	1	4	1	1	2	3	1	3	1	5	1	2	1	1	2	2	3	4	5	3	1
398	1	3	2	4	1	5	5	3	1	1	4	1	4	1	1	3	3	4	3	2	3	2	4	2	1	5	5	3	4	3	1	5
399	3	4	3	4	3	5	5	5	2	2	5	4	5	3	5	3	4	4	5	5	1	3	5	4	1	4	5	5	3	5	4	1
400	5	5	3	4	4	3	4	2	4	2	5	3	4	2	3	1	5	5	5	3	5	2	4	2	3	2	3	4	5	5	2	5
401	5	2	3	5	5	5	4	2	5	5	5	5	3	4	2	1	4	2	3	1	1	1	1	1	1	1	2	5	2	4	1	1
402	2	4	2	1	1	4	2	1	1	1	4	1	3	2	1	1	1	1	3	1	1	1	2	1	1	1	2	2	5	5	1	1
403	5	1	3	1	1	5	5	2	1	1	1	5	1	1	1	5	1	3	5	1	1	1	3	3	2	3	2	4	1	5	3	5
404	2	4	1	2	2	3	4	1	1	1	3	1	3	2	1	3	2	1	3	1	1	2	2	3	2	2	1	1	3	4	5	4
405	2	2	1	2	2	4	2	1	5	1	1	4	5	2	1	1	4	5	5	1	5	1	5	3	2	1	3	3	3	5	5	5
406	5	4	5	2	3	4	2	4	3	2	4	5	5	2	4	2	3	5	5	2	2	3	1	3	2	2	4	2	3	5	1	3
407	1	1	1	1	1	5	5	1	2	1	5	5	5	1	1	4	1	5	5	3	5	1	5	1	1	1	2	1	3	4	1	1
408	4	4	4	2	2	4	3	4	3	2	4	3	5	3	4	2	5	3	4	4	1	3	1	3	1	3	4	3	5	5	4	5
409	3	3	2	1	1	2	2	1	1	1	3	2	4	2	1	1	3	5	5	3	5	1	3	1	1	1	3	4	5	5	1	1
410	1	2	1	3	3	5	3	3	1	1	3	5	3	2	1	3	5	2	5	5	2	2	1	5	1	5	5	3	1	5	4	3
411	3	1	1	4	4	5	5	3	1	1	1	1	1	1	1	5	1	1	2	1	5	1	5	5	1	1	5	5	1	5	5	5
412	5	4	5	1	1	4	2	4	2	1	3	3	5	2	5	5	2	3	4	4	5	1	1	5	1	2	5	2	4	5	1	3
413	4	4	3	1	1	3	1	1	1	1	5	2	3	1	2	1	1	3	5	1	1	1	1	2	1	1	5	1	3	4	1	5
414	4	2	2	3	2	3	2	2	2	2	2	4	2	2	2	4	2	3	4	1	1	1	5	4	1	3	2	4	2	5	5	4
415	4	5	3	3	1	5	4	4	2	1	5	4	5	1	1	1	3	3	2	1	1	5	1	1	1	1	4	5	4	5	1	3
416	1	5	1	1	1	5	1	2	5	5	5	1	5	5	3	1	1	1	3	3	1	1	5	1	1	5	5	1	4	5	5	1
417	2	2	1	5	2	4	2	5	3	3	4	3	2	1	2	2	3	3	4	4	4	2	5	2	2	2	3	2	2	5	3	3
418	4	4	4	5	3	5	5	2	3	1	2	2	2	3	2	2	4	4	4	1	1	1	3	4	1	1	1	4	3	5	4	5
419	1	2	2	1	2	3	1	4	2	1	5	2	5	1	2	1	2	3	3	1	1	1	1	3	3	3	5	3	5	3	2	5
420	3	5	2	1	2	3	2	2	4	3	3	1	2	5	4	1	3	5	2	4	2	2	3	1	1	1	1	5	4	4	1	2
421	5	3	5	1	1	5	3	1	1	1	5	5	3	2	4	1	3	3	3	1	1	1	3	1	1	2	3	2	4	5	3	2
422	5	3	3	4	4	5	5	4	4	2	5	5	3	3	3	2	5	2	4	5	1	5	5	2	3	4	4	4	5	5	2	5
423	4	4	2	1	1	5	3	3	1	1	2	2	4	2	2	5	2	1	5	5	2	2	5	5	4	5	5	5	5	5	5	5
424	2	4	2	1	2	4	4	2	5	4	4	2	5	5	3	3	2	4	5	2	1	2	3	1	3	3	4	5	3	5	2	5
425	3	3	1	1	1	4	4	5	1	1	3	2	1	1	1	5	1	1	5	3	1	1	2	1	2	2	3	2	1	5	2	5
426	3	4	2	1	1	5	5	3	3	3	5	1	5	1	3	3	5	3	5	5	1	1	1	5	4	5	5	3	5	5	3	5
427	1	2	2	1	1	1	1	1	2	1	2	1	2	1	1	1	2	1	3	1	1	1	4	1	1	1	1	1	4	5	1	1
428	3	4	1	1	1	3	2	2	1	1	5	2	4	2	1	1	5	3	4	1	1	5	1	1	1	1	2	4	5	5	1	1
429	2	3	3	2	1	5	2	3	2	1	5	3	3	2	3	1	4	2	4	4	5	2	5	3	2	5	5	2	4	4	2	5
430	2	4	2	1	1	4	3	3	2	1	5	2	4	2	2	2	3	1	4	1	1	4	3	5	1	4	3	3	5	5	4	4
431	4	3	2	2	2	3	2	1	3	2	5	5	5	3	2	1	2	5	5	4	2	1	1	5	3	1	4	3	3	5	4	4
432	2	1	2	5	5	5	5	3	3	3	2	3	4	2	1	5	2	2	4	1	1	1	4	1	3	2	2	5	4	5	4	3
433	5	5	4	2	3	4	5	2	3	1	4	3	5	2	2	1	3	1	4	1	5	1	4	3	1	1	1	5	3	5	1	3
434	3	2	4	5	2	5	4	5	1	1	3	4	4	1	1	1	2	1	1	1	1	1	2	1	1	3	2	4	2	5	2	1
435	5	3	2	1	5	4	2	1	5	5	3	4	4	5	3	5	3	1	4	5	1	1	4	5	1	2	4	4	3	5	4	4
436	2	2	1	1	3	3	2	1	4	4	1	1	4	5	1	1	1	1	3	2	1	1	3	2	2	3	5	2	4	5	2	5
437	2	2	1	2	3	4	3	2	5	5	2	3	2	5	1	4	2	3	3	5	1	1	2	4	1	2	4	4	2	4	1	2
438	1	5	2	1	3	4	2	3	2	1	1	2	3	1	3	3	1	1	1	2	2	2	4	2	1	2	2	2	2	5	3	1
439	1	5	2	1	2	4	4	3	2	1	5	2	4	2	1	1	1	2	3	1	1	4	2	1	3	4	3	5	2	4	1	4
440	4	3	2	3	1	5	3	5	1	1	2	4	5	2	2	4	1	1	3	1	1	1	5	5	1	3	3	1	1	5	2	1
441	4	4	3	1	1	4	3	3	2	1	3	4	4	2	2	3	2	1	3	4	2	1	3	3	2	4	4	3	3	5	3	3
442	1	5	2	2	2	2	2	2	5	5	5	4	1	5	1	1	1	1	4	5	1	1	2	5	1	2	3	3	3	5	2	5
443	2	2	3	3	2	3	4	2	3	3	2	3	3	2	2	2	4	3	3	2	5	2	3	4	2	4	3	4	4	5	2	5
444	5	5	5	3	2	3	1	3	2	1	5	4	5	2	4	1	1	5	3	2	1	1	4	1	1	1	3	2	3	5	4	1
445	3	5	4	4	4	4	1	2	4	3	3	3	4	4	1	2	4	2	5	3	1	2	3	4	1	1	2	3	3	5	5	1
446	4	2	3	1	1	4	1	5	1	1	4	4	4	1	4	1	1	1	4	5	1	1	4	5	3	5	5	3	2	5	3	5
447	1	4	2	3	1	5	2	5	1	1	1	3	3	1	1	3	1	1	1	1	3	1	5	3	1	1	2	2	1	5	3	2
448	5	4	5	3	3	3	3	5	5	4	5	5	5	5	4	1	5	5	4	1	4	5	1	1	3	1	1	3	5	3	1	4
449	3	3	3	4	1	2	1	5	1	1	4	1	5	1	4	3	2	1	4	1	1	1	3	1	1	3	5	3	4	5	3	4
450	2	2	1	3	2	3	2	2	5	5	5	3	3	5	2	2	1	2	4	3	1	1	2	1	2	2	3	3	5	5	2	4
451	3	1	2	2	1	5	2	1	5	3	5	2	2	5	2	4	1	2	1	2	1	1	5	4	4	5	3	5	1	5	1	5
452	3	3	2	2	2	3	3	2	4	3	1	1	3	5	2	2	2	2	4	4	1	1	5	5	1	1	3	4	4	4	2	3
453	1	3	2	3	1	4	3	5	3	1	4	5	5	5	3	4	5	3	5	5	1	1	5	5	2	3	5	3	4	5	4	5
454	2	2	1	2	1	3	2	2	5	5	5	3	3	5	2	2	1	2	4	3	1	1	2	1	2	2	3	3	5	5	2	3
455	3	4	3	3	1	5	2	5	2	1	3	4	5	2	5	1	3	1	4	2	5	1	4	1	2	5	5	2	2	5	4	5
456	1	3	2	2	1	4	3	2	3	2	2	2	5	3	1	2	4	3	4	4	3	2	3	5	4	4	5	2	3	4	1	3
457	5	3	5	5	4	5	5	5	4	4	2	5	2	4	4	5	1	4	2	1	1	1	5	5	1	1	1	4	2	5	4	5
458	3	5	3	5	4	5	5	3	2	1	1	2	3	2	1	5	1	3	4	2	2	2	5	3	1	1	1	4	1	5	4	2
459	5	5	1	1	1	5	5	5	5	5	5	5	5	5	5	5	5	5	5	5	5	1	1	1	1	1	5	1	5	5	1	1
460	2	2	1	1	1	3	1	1	4	2	3	4	5	5	1	1	5	4	4	2	4	1	4	1	1	1	3	3	5	5	5	2
461	4	1	5	1	1	5	4	3	1	1	3	5	5	1	3	4	1	5	1	1	1	1	5	5	1	1	1	3	1	5	5	5
462	3	3	4	3	2	4	3	4	2	2	3	4	4	3	3	4	3	3	4	3	2	3	3	3	3	3	4	4	4	4	4	3
463	3	3	3	3	3	3	3	2	4	3	3	3	3	3	3	1	1	1	4	1	3	1	4	2	3	1	2	4	3	4	2	2
464	1	3	1	3	1	4	2	2	4	2	3	2	4	2	1	1	4	5	5	1	1	1	3	1	3	1	5	1	3	5	1	4
465	2	3	1	1	1	4	4	4	2	1	1	5	5	2	2	3	2	3	5	1	1	1	4	1	1	3	5	3	2	2	2	1
466	5	2	3	2	2	5	4	3	3	1	5	5	5	2	3	1	2	1	4	2	1	1	1	3	1	2	3	4	4	4	2	1
467	1	1	2	1	1	4	4	4	1	1	1	1	4	1	4	5	1	1	3	1	1	1	1	5	2	5	4	4	1	5	5	1
468	1	2	3	3	1	4	1	5	1	1	1	1	3	1	2	1	1	1	2	1	1	1	2	2	1	2	3	1	2	4	1	1
469	3	2	4	4	2	4	3	5	1	1	2	3	4	2	2	3	1	4	3	1	1	1	2	4	2	3	4	4	2	4	2	4
470	3	2	2	3	2	5	5	3	1	1	2	4	4	3	2	3	1	3	5	3	1	1	3	3	1	3	2	5	2	5	3	1
471	4	3	2	2	1	5	4	2	2	1	3	4	3	2	1	4	2	4	3	1	3	1	4	1	2	3	3	2	5	5	3	2
472	3	3	2	3	4	4	4	3	4	4	2	3	2	2	2	5	1	1	4	1	1	1	2	5	1	1	3	5	1	5	5	1
473	2	1	1	5	4	3	1	2	4	2	1	4	1	2	1	2	1	1	3	1	1	3	5	2	1	1	1	2	1	2	2	2
474	5	3	2	2	2	3	3	2	5	5	5	3	3	5	2	4	3	3	4	1	4	3	1	1	1	1	1	1	2	3	1	5
475	3	3	3	5	5	5	5	1	5	5	3	1	2	5	3	5	3	3	3	1	5	1	2	5	1	2	3	5	4	5	5	5
476	4	5	3	3	2	4	2	2	3	2	5	3	3	2	3	1	2	2	4	2	5	3	3	3	1	4	2	2	3	5	2	5
477	3	3	1	1	1	3	3	1	4	4	5	2	3	5	1	1	5	2	3	2	1	4	2	3	2	2	3	3	2	5	2	5
478	2	2	2	4	2	3	2	2	2	5	4	2	2	2	1	1	3	1	3	2	4	2	2	3	1	2	1	3	3	4	4	4
479	2	2	2	1	1	4	3	5	2	2	5	5	5	2	2	4	2	4	3	4	3	5	2	1	1	2	4	3	5	5	1	4
480	2	3	3	1	2	4	2	1	4	4	3	3	4	5	2	2	2	2	3	2	4	1	3	2	3	2	3	4	3	5	2	5
481	3	2	3	3	2	4	4	2	5	4	4	3	5	4	2	3	4	2	4	4	3	1	5	3	4	2	5	4	5	5	3	5
482	5	5	2	1	4	4	5	1	3	1	5	4	4	5	1	2	5	3	4	1	4	5	1	2	1	1	1	4	3	5	1	1
483	4	2	4	4	2	4	4	4	3	2	3	2	1	2	3	2	2	1	2	1	1	2	3	3	1	2	1	3	2	4	2	5
484	3	4	1	4	4	4	2	2	2	5	3	3	4	5	2	1	1	2	1	2	2	2	4	2	1	3	5	5	1	5	4	3
485	4	2	2	4	1	4	3	5	1	1	4	3	4	1	3	1	1	1	3	1	3	1	3	3	3	2	4	1	2	5	5	1
486	1	1	1	1	1	5	3	3	4	1	1	3	5	1	2	1	1	3	5	1	1	1	3	1	1	4	2	4	1	3	1	1
487	4	5	4	3	2	3	3	4	2	2	4	2	5	3	5	1	5	2	3	4	1	1	3	4	1	5	4	3	5	4	1	1
488	1	5	2	1	3	5	5	2	5	3	1	2	3	5	4	5	2	5	5	5	2	1	5	5	1	5	5	5	1	5	4	1
489	5	2	5	3	4	4	4	3	2	2	5	4	5	3	5	4	3	1	5	1	4	2	3	5	1	1	2	5	4	4	3	3
490	5	4	5	1	1	4	1	2	3	1	5	5	5	3	4	1	1	2	2	3	1	3	5	5	1	3	5	5	3	5	5	2
491	1	5	1	1	1	5	1	5	1	1	1	1	4	3	3	1	1	3	2	4	1	1	5	5	1	4	5	1	1	4	1	1
492	2	3	2	2	1	3	3	2	5	2	2	3	4	5	1	1	2	2	3	5	3	1	1	5	1	3	3	3	3	4	2	2
493	5	5	2	3	2	4	3	1	5	2	5	5	5	4	1	1	4	4	4	5	4	5	1	2	2	4	2	2	5	5	3	5
494	3	1	3	2	2	5	3	2	1	1	1	2	2	1	1	5	1	1	3	2	1	1	5	3	2	2	2	5	2	5	4	5
495	2	4	2	4	3	4	2	4	3	2	3	3	4	4	3	2	4	2	4	1	1	1	3	3	2	3	4	2	3	5	4	1
496	2	2	2	2	1	3	3	4	4	2	4	3	4	3	2	1	3	2	3	3	3	1	5	1	5	4	5	3	3	5	4	4
497	3	3	4	3	3	3	2	4	3	3	3	4	2	3	2	2	1	3	5	2	2	1	1	1	3	2	4	2	1	4	2	2
498	3	5	3	1	1	3	2	3	2	1	3	2	3	1	1	1	5	3	2	3	5	3	4	4	1	1	3	3	5	5	3	1
499	4	4	3	1	1	5	1	1	1	1	5	3	5	4	3	2	2	3	5	4	4	1	5	1	3	1	2	2	3	5	1	5
500	3	3	4	2	2	5	5	3	4	1	3	1	2	1	1	3	2	1	3	1	3	1	4	2	1	1	1	5	2	5	1	1
501	4	4	3	3	4	4	4	2	5	5	5	3	4	4	1	2	3	5	4	4	5	2	5	1	2	3	4	3	3	5	2	5
502	3	2	2	4	1	4	2	5	2	2	4	2	5	2	2	2	2	4	4	3	5	1	3	5	1	2	3	2	2	5	4	1
503	2	1	4	3	1	5	5	4	1	1	1	1	4	1	2	5	1	1	2	1	3	1	2	3	1	1	4	5	1	5	3	1
504	4	4	1	5	5	5	5	1	5	2	1	5	4	4	1	1	3	5	5	1	5	1	1	1	1	3	3	5	2	3	3	3
505	3	3	3	5	1	5	3	1	1	5	3	5	4	3	1	5	4	1	5	5	3	1	5	3	5	5	5	5	1	5	5	5
506	2	3	2	3	4	4	3	3	2	4	2	2	2	2	2	3	2	1	2	2	1	1	4	5	1	3	2	4	1	5	3	1
507	2	3	3	2	3	5	5	3	2	1	1	2	2	3	1	2	1	1	1	1	1	1	5	5	1	1	3	4	1	5	5	4
508	3	4	2	2	2	3	2	1	4	5	2	4	2	3	1	2	3	2	4	5	5	1	2	5	3	2	2	4	4	4	5	3
509	3	4	5	1	1	5	3	4	1	2	3	4	5	1	2	3	1	2	5	1	5	3	5	2	1	2	2	1	2	5	1	3
510	5	1	1	1	1	5	5	4	1	1	4	5	5	5	4	1	1	1	4	5	5	1	4	5	1	1	5	1	1	5	5	4
511	3	4	2	3	5	3	5	3	3	1	3	3	4	2	3	5	3	1	5	5	1	1	5	5	1	1	3	5	5	5	5	5
512	2	3	1	4	5	4	5	3	3	3	2	3	5	3	2	5	3	1	5	1	2	1	2	4	1	1	3	5	4	5	5	4
513	1	1	5	1	1	4	3	1	1	1	5	5	5	1	5	3	3	3	5	5	5	5	1	1	3	5	5	5	2	4	1	1
514	2	1	4	5	3	5	5	2	1	1	3	2	3	2	1	4	2	1	2	2	1	1	5	5	3	3	2	4	3	5	5	4
515	3	2	1	1	1	4	3	1	1	1	2	2	3	1	3	3	2	2	4	1	5	2	2	1	1	3	3	2	3	4	1	2
516	3	4	3	4	1	5	4	2	1	1	1	2	4	1	1	3	4	4	5	1	2	1	5	1	3	3	5	2	4	5	3	1
517	5	3	1	1	2	5	5	3	3	1	1	3	5	3	3	5	3	3	5	5	2	3	5	5	3	1	5	1	1	5	5	5
518	4	5	3	2	4	5	3	4	5	5	4	5	5	5	5	3	4	2	3	5	1	4	1	5	1	5	5	5	3	5	4	2
519	3	4	3	1	2	3	1	1	5	5	5	2	4	5	1	1	2	3	4	4	1	1	3	5	1	3	4	2	2	5	1	5
520	4	2	2	2	2	4	3	2	1	2	1	3	4	2	3	3	5	1	3	1	1	1	3	5	5	1	2	2	1	5	4	2
521	4	3	3	3	2	5	3	2	2	2	3	3	5	3	3	2	3	3	4	4	1	1	4	4	3	3	5	3	3	5	3	3
522	3	4	1	1	1	5	2	1	4	4	2	1	3	4	3	2	3	3	4	3	5	3	3	1	1	4	5	3	3	5	2	4
523	2	3	4	1	1	4	2	3	2	1	3	4	4	2	3	2	2	2	4	3	1	1	3	4	1	2	4	3	4	5	4	5
524	2	1	2	2	4	4	5	1	1	1	1	5	4	1	1	3	1	3	4	2	1	3	5	5	1	1	3	4	1	5	3	4
525	3	4	1	3	2	5	2	1	5	4	3	4	3	5	1	1	3	3	5	2	1	1	5	1	1	5	3	1	4	5	5	5
526	3	3	3	3	3	3	3	4	3	3	3	3	3	3	3	3	3	3	5	4	3	3	2	5	3	2	4	3	4	5	4	4
527	4	3	3	5	5	5	4	2	4	5	2	4	2	5	3	4	3	2	4	2	4	1	5	5	3	2	1	5	3	5	3	5
528	2	2	3	5	5	5	4	4	2	2	3	4	4	2	3	2	4	3	4	4	4	3	4	5	2	2	3	3	4	3	4	5
529	2	3	2	5	5	5	4	2	1	1	1	2	3	3	3	5	1	3	2	1	1	1	5	5	1	1	1	5	1	5	4	1
530	5	3	5	1	1	5	2	2	3	1	1	3	4	2	5	2	1	1	1	1	1	1	5	1	1	2	2	2	1	4	1	3
531	5	5	2	3	4	5	2	4	3	3	2	4	4	4	3	1	3	5	4	5	2	1	1	1	1	2	2	4	3	3	4	2
532	5	5	5	3	4	5	5	5	2	2	1	5	4	1	2	3	4	4	5	2	1	2	5	3	2	1	2	4	1	5	3	1
533	5	3	3	1	1	5	2	3	1	1	4	4	5	1	2	1	3	1	4	5	2	3	5	3	2	3	5	3	5	5	3	1
534	3	4	2	3	2	5	4	3	3	2	4	3	5	2	2	3	2	2	4	2	2	2	5	5	1	1	3	4	4	5	5	1
535	3	3	2	1	1	3	2	3	1	1	4	2	3	3	1	1	1	1	4	2	2	1	3	1	1	2	4	4	4	3	2	5
536	3	5	4	3	2	5	1	5	3	2	1	3	4	2	1	5	3	5	5	3	3	4	4	4	3	3	5	5	2	5	5	5
537	3	5	3	1	1	5	2	1	1	1	1	2	5	1	5	5	2	2	1	1	3	1	5	5	1	5	5	1	2	5	5	5
538	4	5	5	2	4	5	3	3	2	2	1	5	5	3	3	4	2	3	5	1	4	1	5	4	1	1	3	5	5	5	5	1
539	4	2	2	1	1	4	4	2	5	5	2	4	2	5	3	2	2	3	3	1	1	1	3	1	2	3	4	2	2	5	2	5
540	5	4	5	1	5	5	5	2	4	4	2	4	4	5	5	3	4	2	1	1	5	4	3	4	2	3	5	5	4	3	4	1
541	3	4	3	3	5	5	5	1	5	3	4	1	2	5	1	5	4	4	5	1	5	4	5	3	3	3	4	5	5	5	5	5
542	2	2	2	1	1	4	3	2	5	5	3	1	3	3	1	2	1	2	2	2	1	1	2	1	2	3	5	3	2	5	3	3
543	4	4	4	2	2	5	5	4	1	1	2	3	4	2	2	4	4	3	4	4	5	2	4	5	2	4	4	4	4	5	3	2
544	3	4	2	2	2	5	5	5	3	3	1	1	2	2	5	5	2	2	4	1	1	1	2	1	1	1	3	3	4	4	2	2
545	3	1	2	1	1	3	1	1	5	5	3	3	2	5	1	2	3	1	3	1	1	1	1	3	3	1	4	5	4	5	4	5
546	3	3	1	1	1	5	3	2	2	1	1	1	1	1	1	5	3	1	3	2	1	2	3	3	1	2	5	5	5	5	5	1
547	3	2	3	4	4	5	5	3	2	2	2	4	5	3	2	5	5	4	5	3	5	2	5	5	3	1	3	5	5	5	5	2
548	5	3	5	1	1	3	3	1	2	1	5	5	5	2	2	1	4	4	3	1	5	4	5	5	2	1	1	2	5	5	5	4
549	2	5	2	1	1	3	1	1	4	1	1	1	3	3	2	2	1	2	3	1	1	1	3	2	2	3	3	2	2	4	1	3
550	2	4	2	1	1	3	1	5	2	1	1	3	4	3	1	1	2	1	2	3	1	1	2	1	3	2	4	3	1	3	1	2
551	3	4	4	3	1	4	2	2	3	1	5	2	5	2	3	1	3	3	5	5	5	3	4	2	2	2	4	3	1	4	3	5
552	4	3	1	3	1	3	2	2	3	2	3	2	4	1	1	1	2	5	5	1	5	1	5	3	3	4	3	2	1	5	1	1
553	4	5	5	3	1	5	2	2	4	1	5	2	5	3	5	2	5	4	4	5	5	5	5	4	2	5	5	3	5	5	3	5
554	2	4	4	3	1	3	2	3	2	2	1	2	4	2	4	3	1	3	4	5	4	2	4	3	1	1	5	2	3	5	5	5
555	2	5	3	5	3	4	4	4	3	2	2	3	3	3	3	5	3	4	5	4	3	2	4	5	2	3	3	4	2	4	3	3
556	1	2	1	1	1	4	1	4	1	1	3	4	4	1	1	1	3	2	5	2	1	1	3	2	2	5	5	1	1	5	2	3
557	2	1	1	1	1	3	2	4	1	1	2	2	4	1	1	1	1	1	4	2	1	2	4	4	1	3	5	1	1	5	2	2
558	5	4	1	1	1	5	4	3	2	1	3	4	5	1	2	1	3	1	4	3	3	4	3	1	1	1	5	3	4	5	5	5
559	3	3	2	2	2	4	2	2	3	2	4	2	4	2	2	2	5	3	4	2	1	4	2	3	1	2	4	2	5	5	1	4
560	1	1	1	1	1	5	2	2	1	1	1	5	2	1	1	2	1	1	4	2	1	1	3	2	1	4	3	1	3	5	1	2
561	1	2	3	1	2	5	3	5	5	5	4	2	4	5	5	5	5	4	5	5	5	5	1	5	5	2	2	2	3	5	5	5
562	4	4	4	2	3	4	4	2	3	1	3	5	4	2	2	2	3	4	5	2	3	2	5	5	3	2	2	3	4	4	2	3
563	3	1	2	1	3	5	5	3	2	2	1	4	3	1	2	5	2	1	5	3	3	1	5	5	2	3	3	2	3	5	5	3
564	5	2	1	1	2	5	3	3	3	3	1	4	5	3	4	4	2	1	4	2	1	1	5	5	1	4	5	4	2	4	4	4
565	3	1	5	2	2	3	3	5	1	1	1	1	5	1	1	4	1	1	1	1	1	1	3	5	1	1	3	5	1	5	5	3
566	1	3	1	2	1	5	5	2	3	2	5	1	5	1	2	5	5	1	5	5	1	2	5	5	5	5	5	2	3	5	5	2
567	4	4	2	3	1	5	2	3	1	1	5	1	2	1	1	1	3	3	4	5	5	3	5	1	3	2	1	2	5	4	1	4
568	1	2	1	3	2	2	3	2	2	2	1	1	2	2	1	4	2	1	3	2	3	1	4	4	1	2	3	2	2	4	5	2
569	1	1	1	1	1	5	4	3	2	1	2	5	5	2	1	2	1	1	5	4	2	1	5	2	2	5	5	1	1	5	2	1
570	4	5	4	3	4	4	3	2	3	2	2	3	4	3	5	2	2	2	3	4	5	2	5	5	3	2	4	2	3	5	3	5
571	4	3	2	1	1	5	3	2	2	1	1	4	5	1	1	5	1	1	5	1	2	1	5	5	1	3	5	4	3	4	4	3
572	1	2	1	4	3	5	5	3	4	3	4	5	5	3	4	5	2	3	4	3	2	2	3	5	1	1	3	1	2	5	5	4
573	2	4	2	3	1	5	1	1	5	4	2	3	3	2	2	2	1	1	5	3	3	1	5	5	4	1	5	5	4	5	5	5
574	3	1	1	1	3	5	3	1	1	3	1	5	5	1	1	2	1	3	4	1	1	1	5	5	1	2	5	3	1	5	5	4
575	3	3	2	1	1	3	3	3	5	5	1	3	5	4	1	4	1	1	3	3	1	1	5	5	3	3	4	4	2	5	4	4
576	2	5	2	2	3	3	2	1	4	4	5	3	4	5	3	3	4	2	5	4	3	3	3	5	3	2	2	5	5	5	5	4
577	3	2	2	3	3	5	5	3	3	2	1	4	3	2	3	5	3	1	4	2	1	1	5	5	1	2	3	5	5	5	5	4
578	3	4	4	4	3	5	2	2	2	2	3	2	3	3	2	2	2	1	1	4	4	1	3	3	1	2	5	2	3	5	5	5
579	2	2	1	1	1	5	3	2	5	5	5	2	5	4	1	1	1	1	5	3	2	5	5	1	2	4	4	5	4	4	3	5
580	5	5	2	5	4	5	5	1	2	2	2	2	3	1	2	5	1	1	2	1	2	1	5	5	1	4	2	4	2	5	1	2
581	3	5	3	2	2	2	3	5	2	1	1	1	2	1	3	3	1	1	2	1	1	1	1	5	1	1	2	3	3	3	5	4
582	1	4	2	3	1	5	3	3	2	2	2	2	2	1	3	2	2	1	3	2	1	1	5	4	2	3	5	3	4	5	3	5
583	5	4	4	3	2	3	2	3	2	2	4	5	5	2	2	1	1	2	5	2	1	2	5	2	1	1	2	3	2	5	3	1
584	5	5	5	2	2	5	5	4	1	1	3	2	3	1	5	3	1	3	3	3	3	5	4	3	2	1	1	5	3	4	3	4
585	3	2	2	2	2	3	3	3	3	1	1	2	2	1	1	1	1	1	3	1	1	1	3	1	2	2	2	3	2	3	1	5
586	2	2	2	1	1	3	3	4	2	1	1	1	3	1	1	1	1	1	1	1	3	1	2	5	1	3	3	3	1	5	1	3
587	4	2	5	1	1	5	5	1	1	3	5	5	5	1	3	1	1	5	4	1	5	5	1	5	1	3	5	5	2	5	3	4
588	4	3	1	1	2	3	2	1	2	3	1	2	4	2	3	3	1	1	5	1	2	1	2	5	2	2	3	2	2	5	5	5
589	3	3	2	1	1	5	2	3	2	1	4	5	2	2	2	2	2	1	5	5	3	1	2	5	4	3	5	1	5	5	3	3
590	5	4	3	1	1	4	3	5	3	1	4	3	4	3	4	3	5	1	5	3	4	3	3	5	2	1	4	4	5	5	5	4
591	4	4	3	5	5	4	4	4	4	4	4	2	4	2	3	3	4	3	4	5	1	1	2	4	2	1	2	5	3	5	3	4
592	3	5	4	1	2	3	1	5	2	2	3	5	5	3	4	4	3	2	5	5	2	4	3	5	1	2	4	4	5	3	4	3
593	3	5	5	1	1	4	3	5	3	1	1	3	5	5	3	5	3	1	4	5	1	1	1	1	1	4	5	5	5	5	3	5
594	2	4	1	1	2	1	1	1	5	5	4	3	3	5	1	2	2	1	5	3	3	1	5	2	2	1	2	3	3	5	3	5
595	5	4	2	2	2	4	3	1	2	2	5	3	5	1	1	2	4	2	4	1	5	1	1	3	1	1	3	3	4	5	4	1
596	4	5	1	1	1	1	2	1	3	1	4	3	4	5	1	2	1	5	5	1	1	3	2	4	1	1	1	1	1	3	5	5
597	2	4	1	1	2	5	5	2	2	2	1	5	1	1	2	2	2	1	5	1	1	1	3	2	2	1	1	4	1	4	4	4
598	2	2	2	2	2	5	5	2	2	2	2	2	2	2	2	4	2	2	5	2	2	1	5	5	2	2	2	2	2	5	5	2
599	3	2	1	2	2	4	5	3	3	1	1	2	3	1	1	3	2	1	5	3	2	1	5	3	2	3	2	5	3	4	2	5
600	4	3	3	4	2	4	4	5	2	2	1	3	3	2	2	4	2	3	4	3	2	2	5	4	1	3	3	2	2	5	4	2
601	2	5	3	1	1	5	1	2	4	2	5	3	2	2	2	3	3	1	2	3	1	1	5	3	2	5	3	2	4	5	2	5
602	3	3	1	2	1	4	1	1	3	2	3	3	5	3	1	1	4	5	5	5	5	1	2	2	2	1	3	1	4	5	1	5
603	4	4	3	2	3	3	1	4	2	2	1	3	3	1	2	3	2	3	4	3	1	1	5	5	1	2	2	4	1	5	4	3
604	3	2	2	2	1	5	2	5	2	1	1	4	4	1	2	2	3	2	4	3	1	1	3	5	2	4	4	4	2	5	3	3
605	5	5	1	1	1	5	3	3	2	1	5	1	3	3	3	4	5	3	3	4	2	3	5	5	1	3	5	4	3	5	3	5
606	3	2	2	2	5	3	1	1	3	1	1	5	1	1	1	5	3	1	5	1	5	1	5	5	3	2	3	5	5	4	3	5
607	2	2	1	2	2	4	4	1	2	1	2	3	1	2	1	4	1	4	4	1	1	1	3	1	1	2	2	4	2	4	1	4
608	4	3	5	1	2	2	2	2	5	5	5	2	3	5	1	2	1	3	1	2	1	1	2	2	1	1	5	5	3	5	1	5
609	5	5	5	5	5	4	2	4	2	4	2	4	2	4	2	4	2	4	2	4	2	4	3	3	3	3	4	2	2	4	2	4
610	5	5	2	5	2	5	5	4	1	1	4	2	4	1	1	3	3	5	4	1	3	1	3	5	1	1	4	5	3	4	4	3
611	2	2	3	2	2	5	5	2	5	5	2	1	5	5	1	2	1	1	1	1	4	1	2	3	1	4	2	4	1	5	1	1
612	3	5	3	3	1	5	3	5	5	1	2	1	4	2	3	3	1	1	3	3	1	1	4	1	1	4	5	4	3	5	3	5
613	4	3	4	3	4	5	5	3	2	2	2	2	3	2	2	3	2	1	2	1	5	1	2	2	1	3	3	2	2	4	1	2
614	4	5	2	1	1	4	3	2	2	1	4	2	3	1	2	3	4	1	2	2	4	2	5	3	1	2	4	2	3	5	3	5
615	3	5	4	1	1	3	1	1	3	1	4	3	4	1	1	3	4	1	5	3	1	1	2	5	5	2	5	5	4	5	3	5
616	2	4	2	2	3	2	1	1	2	2	3	3	5	3	1	2	2	5	4	1	5	3	5	2	2	1	2	4	3	4	2	2
617	4	4	2	3	4	5	5	1	5	5	1	4	2	5	2	5	1	1	1	1	2	1	5	4	1	1	2	5	1	5	3	4
618	3	5	5	1	1	3	1	5	1	1	5	3	5	1	5	5	5	3	3	1	1	1	1	5	1	1	4	4	5	5	5	1
619	5	1	5	1	1	5	5	4	2	2	5	5	5	2	2	5	2	2	5	1	5	1	5	1	1	4	3	3	5	5	5	1
620	3	2	2	5	5	5	4	2	3	2	1	5	4	2	3	4	1	1	2	1	1	1	2	1	1	1	1	5	1	5	3	1
621	4	3	3	1	1	4	2	1	1	1	5	5	5	1	1	4	3	1	2	1	1	4	3	3	1	1	1	4	3	5	4	2
622	1	1	1	1	1	1	1	1	1	1	3	1	3	1	1	3	1	1	2	1	1	1	1	2	1	1	1	1	1	3	2	3
623	2	3	3	1	1	5	3	4	1	1	4	3	5	1	4	2	3	1	3	3	2	1	5	5	1	1	3	2	4	5	4	5
624	5	2	1	1	1	4	3	3	2	2	1	2	1	1	2	3	2	1	5	1	1	1	3	1	3	2	2	3	1	5	3	3
625	3	5	1	1	1	3	1	4	4	2	2	1	5	3	2	1	3	1	2	5	2	4	3	5	1	3	5	1	3	5	5	2
626	2	3	3	3	1	5	4	2	1	1	1	4	5	2	2	2	1	4	2	5	5	1	5	5	2	3	4	3	2	5	2	5
627	2	4	2	2	2	4	4	4	4	2	3	3	3	2	2	4	2	2	4	2	2	1	4	3	4	4	4	2	2	4	4	4
628	3	3	3	3	1	5	4	3	4	4	2	3	3	3	2	1	2	2	4	2	3	1	2	3	2	4	4	2	2	5	2	1
629	2	4	2	4	4	4	4	3	3	3	1	2	3	2	2	3	1	1	1	1	3	1	5	5	1	1	2	4	1	4	5	4
630	2	1	4	1	1	4	1	3	2	1	2	5	5	1	3	1	5	1	5	3	1	1	5	1	1	3	5	1	5	5	4	5
631	3	4	1	3	1	5	5	4	3	1	1	4	4	1	2	4	1	3	3	4	4	1	5	5	2	2	5	2	3	5	3	1
632	3	3	3	4	3	4	4	3	2	2	5	3	5	5	3	2	3	5	5	5	5	5	1	4	3	2	4	3	5	5	2	5
633	4	4	2	3	3	4	3	2	3	3	2	3	1	4	3	3	2	2	3	1	1	1	5	5	1	2	2	2	2	3	5	4
634	1	1	1	1	1	4	4	1	1	1	1	5	1	1	1	5	2	2	3	2	3	1	3	5	1	1	3	4	3	5	3	3
635	3	3	2	2	2	4	1	1	3	2	4	3	4	2	1	1	4	4	4	5	3	2	4	4	2	3	5	3	5	5	3	2
636	4	3	3	1	3	3	3	1	4	4	4	5	5	5	2	1	2	2	3	5	1	1	1	3	1	2	2	4	3	3	1	2
637	5	3	3	1	1	5	4	4	5	2	1	4	3	1	2	5	3	4	4	5	3	1	4	4	4	2	4	2	1	5	4	4
638	4	4	2	5	5	5	5	3	3	4	2	2	4	2	1	2	4	4	5	2	1	1	3	5	3	2	4	5	4	5	4	5
639	4	3	2	1	1	5	2	2	5	3	3	4	4	4	3	1	2	2	5	1	1	1	3	4	3	3	3	3	3	4	1	5
640	2	1	1	3	1	5	5	1	2	1	5	2	4	2	1	4	1	1	4	1	5	1	2	4	1	1	1	4	1	2	2	1
641	4	5	3	3	3	4	3	5	4	1	4	5	5	5	1	2	2	2	3	3	1	1	4	5	2	5	5	3	2	5	5	4
642	2	2	2	2	2	5	3	1	2	2	1	1	2	1	1	3	1	1	3	1	2	1	3	2	1	1	2	2	1	5	2	3
643	3	1	2	4	5	4	3	1	5	5	5	3	1	5	1	2	4	1	5	2	3	1	4	4	4	2	5	5	5	5	1	5
644	4	4	4	2	2	4	2	3	2	2	5	4	5	2	2	2	4	3	5	5	3	1	3	5	2	2	2	3	5	5	4	5
645	3	3	3	4	2	4	3	3	4	2	4	4	5	4	2	2	4	4	5	3	5	1	3	4	5	4	4	2	3	4	2	5
646	5	2	5	3	4	5	4	2	4	2	4	5	2	2	3	5	4	3	5	2	2	2	5	5	5	4	4	5	3	5	3	5
647	2	2	2	1	1	4	4	3	1	1	1	1	3	1	1	2	1	1	2	1	1	1	3	5	1	2	2	3	1	5	1	1
648	5	4	1	1	1	5	3	1	5	1	5	3	3	1	1	3	1	3	5	3	1	1	4	1	3	3	5	1	1	5	4	5
649	2	2	1	2	1	4	3	2	4	4	5	1	3	5	2	2	2	2	5	5	4	1	4	4	1	1	3	2	5	5	3	2
650	3	4	2	1	1	4	3	3	3	4	3	4	5	2	3	2	2	1	4	5	4	3	3	2	1	4	4	3	4	5	4	5
651	3	3	1	4	4	5	5	1	2	1	1	2	2	2	1	4	4	1	4	3	1	1	3	5	1	2	3	1	1	4	4	5
652	5	3	5	1	1	5	4	5	1	1	2	5	5	1	4	4	2	2	5	1	1	1	5	3	1	1	3	2	3	4	2	2
653	3	2	4	4	2	5	5	1	1	1	3	3	3	1	1	3	1	1	2	1	1	1	2	1	1	1	1	5	1	4	1	1
654	3	2	3	1	1	4	1	2	1	1	5	4	5	4	4	2	1	4	5	3	1	1	4	1	1	2	3	5	3	5	2	5
655	4	2	4	3	2	4	2	4	3	2	1	5	2	3	3	5	2	3	4	2	1	1	5	4	2	3	3	4	2	3	2	4
656	1	2	1	3	1	3	2	3	3	3	4	3	5	3	1	1	3	1	3	1	3	1	3	3	1	1	3	2	3	4	2	1
657	5	5	5	5	5	4	5	4	5	5	5	5	5	5	3	3	5	3	5	5	4	4	5	5	3	2	5	4	4	5	5	5
658	1	5	1	1	1	5	2	3	1	1	1	1	4	3	1	1	3	1	5	1	1	2	4	1	2	1	5	4	4	5	3	3
659	1	3	3	5	3	5	5	4	1	1	1	1	3	1	4	4	2	1	5	4	4	1	5	5	1	1	2	4	1	5	5	4
660	2	2	4	3	3	5	2	5	2	2	2	1	4	2	3	1	3	1	5	3	5	3	5	1	2	1	2	1	2	5	1	2
661	5	4	2	2	1	3	2	2	2	1	4	4	5	3	2	1	4	2	5	2	1	4	3	2	1	4	3	2	3	5	3	1
662	4	4	1	2	2	4	2	3	2	1	4	3	3	3	2	3	3	1	3	2	1	4	4	2	2	3	4	2	3	4	2	4
663	3	2	1	4	2	4	3	4	2	1	3	1	4	3	1	3	2	4	4	2	1	1	3	1	1	2	4	3	4	5	2	5
664	4	3	2	3	3	3	3	1	2	2	4	4	2	2	1	1	4	3	4	3	3	3	4	4	4	1	2	3	4	5	4	1
665	3	2	2	1	1	5	2	3	4	2	4	5	4	5	1	3	2	3	5	5	1	2	4	4	4	3	4	4	3	4	2	2
666	4	4	4	1	1	5	4	1	2	1	3	3	4	1	2	2	5	1	5	2	2	1	4	3	2	1	3	4	5	5	5	5
667	3	4	3	1	1	3	3	1	1	1	4	3	5	1	1	1	5	1	5	1	3	4	5	3	1	1	1	3	4	5	5	5
668	5	4	4	2	2	5	4	2	2	1	2	2	3	2	2	2	3	5	5	2	3	1	5	3	4	1	1	3	3	5	4	4
669	2	5	2	4	4	3	5	1	5	3	4	3	4	2	1	1	4	4	5	1	5	4	3	3	1	1	2	5	4	3	1	2
670	4	4	2	2	2	4	3	2	4	2	2	4	4	2	2	4	4	2	4	2	2	2	4	4	2	2	4	3	2	4	3	3
671	3	4	3	2	2	3	3	3	2	2	4	3	4	2	3	3	2	2	4	4	1	1	2	3	2	2	3	3	2	4	3	4
672	3	4	3	3	3	4	4	3	3	3	2	3	4	3	3	4	4	2	5	5	4	1	2	4	2	4	4	3	4	5	2	5
673	3	2	3	1	1	4	2	2	2	2	3	1	4	3	3	3	4	1	4	2	1	1	4	4	1	3	4	3	5	4	1	5
674	3	5	2	1	1	5	3	1	2	2	5	2	4	2	2	1	3	1	3	1	1	2	4	2	3	4	3	2	3	4	1	5
675	1	2	4	3	3	4	5	5	2	2	3	3	3	1	3	3	1	1	4	1	1	1	5	5	1	1	2	4	3	5	4	3
676	3	3	2	2	2	5	3	2	2	2	5	2	1	2	2	2	3	2	4	5	2	3	3	1	3	4	5	2	5	5	2	2
677	3	1	1	1	1	5	1	1	1	1	1	3	4	1	5	2	3	1	4	1	1	1	5	5	2	4	3	3	5	5	2	3
678	5	2	3	4	1	5	3	2	2	1	3	4	3	2	4	4	2	2	3	3	2	1	3	3	1	3	3	1	4	5	4	5
679	5	3	1	2	2	5	5	1	3	2	4	4	4	3	2	2	5	2	5	2	1	1	5	4	2	1	1	5	5	5	5	5
680	3	4	2	1	1	5	4	1	2	1	5	5	5	3	1	1	5	4	5	2	4	3	1	5	3	2	3	3	3	5	2	5
681	4	4	1	3	2	5	3	3	5	4	5	5	4	5	3	4	2	1	5	5	1	1	3	5	1	2	3	4	3	5	5	5
682	3	4	1	2	4	5	4	3	5	3	5	5	5	5	3	4	4	3	5	3	1	1	1	5	4	1	3	5	5	5	3	3
683	3	3	2	4	2	4	4	2	2	1	3	4	3	2	2	4	2	4	4	1	1	1	4	1	1	2	3	4	3	4	3	5
684	4	4	1	1	1	4	4	2	5	3	5	5	3	5	4	3	1	4	5	3	3	1	3	3	5	3	3	3	3	5	1	5
685	2	1	1	3	1	5	5	3	4	1	2	3	3	3	2	3	3	4	5	4	3	2	5	4	5	4	5	1	2	4	1	3
686	3	3	3	2	1	4	3	2	3	2	4	3	4	5	4	3	4	2	3	4	5	4	3	3	2	4	4	4	3	4	3	5
687	3	3	3	3	3	3	3	3	3	3	3	3	3	3	3	3	3	3	3	3	3	3	3	3	3	3	3	3	3	3	3	3
688	3	2	3	1	3	5	5	3	1	2	3	4	5	1	2	5	4	1	4	3	3	2	5	5	1	2	4	5	4	5	5	2
689	3	5	1	3	1	5	5	1	5	3	5	3	3	3	1	1	3	3	3	2	1	3	3	3	1	3	5	1	3	3	1	1
690	5	3	3	3	1	4	3	5	2	5	3	4	5	2	4	5	4	2	2	3	2	1	3	3	1	3	4	2	2	4	2	5
691	4	4	3	3	2	4	4	4	3	2	5	5	5	3	2	5	3	1	4	3	3	2	5	5	2	2	2	4	4	4	2	2
692	3	2	1	1	1	4	3	1	1	1	4	3	5	1	1	5	2	1	3	4	1	1	1	4	1	2	4	2	2	5	4	3
693	5	5	5	3	3	5	4	3	3	1	5	5	4	4	2	2	4	4	4	2	5	5	5	4	1	2	3	4	3	5	2	3
694	2	4	2	1	1	5	4	4	2	1	1	1	2	1	4	3	2	1	3	3	1	1	3	3	1	3	5	3	4	5	4	3
695	5	5	5	5	3	5	5	3	2	2	2	4	5	1	3	4	3	5	4	3	5	1	4	5	1	2	2	5	2	5	3	1
696	4	5	2	2	2	4	2	3	2	1	4	1	4	2	3	2	4	1	4	4	1	1	3	4	1	3	3	2	5	5	3	5
697	3	3	2	2	1	3	2	3	2	1	1	4	5	3	3	1	1	3	5	5	2	3	2	3	1	1	2	2	4	5	1	3
698	2	1	2	4	1	4	3	5	2	1	5	4	5	1	3	2	2	2	3	1	1	4	4	1	2	3	3	1	2	3	1	1
699	3	5	3	1	2	5	3	2	4	3	2	2	5	3	2	1	2	2	5	5	1	2	2	5	3	5	5	1	3	5	4	2
700	2	3	2	1	1	4	2	1	2	1	1	5	4	3	1	2	2	2	3	5	2	1	4	5	5	4	4	2	3	5	2	1
701	3	3	1	1	1	5	2	2	1	1	5	1	2	1	1	5	1	3	3	1	1	1	2	1	4	2	2	1	1	4	1	5
702	5	5	3	3	3	5	3	1	4	3	3	4	3	5	1	2	2	2	5	3	1	2	1	5	2	1	2	3	3	3	5	5
703	5	5	5	5	5	5	5	3	2	2	3	5	3	3	1	5	2	5	3	3	4	2	3	1	1	1	1	5	5	5	2	2
704	3	2	2	1	1	5	5	3	3	3	2	5	3	3	3	3	2	2	4	1	4	1	5	5	3	3	2	3	2	5	5	5
705	2	4	1	1	1	4	3	2	3	1	1	5	5	3	2	2	1	3	5	5	1	1	2	5	1	3	4	2	3	5	5	4
706	4	5	3	4	5	5	3	2	3	1	2	4	5	5	3	4	5	3	5	4	5	3	5	5	2	3	5	5	5	5	5	5
707	2	2	4	1	1	4	3	5	1	1	3	3	4	1	1	4	1	2	4	3	1	1	5	5	2	2	3	4	4	5	4	1
708	2	3	1	3	2	3	2	2	5	4	5	4	2	4	2	2	4	2	5	2	3	2	1	5	1	2	3	4	4	4	4	2
709	2	3	3	3	3	4	4	3	1	1	2	2	3	2	4	5	2	1	2	2	1	1	2	3	1	1	2	3	1	5	3	5
710	2	2	2	1	1	3	3	1	1	1	3	3	5	1	1	5	3	2	4	3	1	1	1	3	1	4	5	2	3	5	5	3
711	3	5	2	5	4	3	3	3	3	4	4	1	3	2	2	1	2	1	1	1	1	1	4	2	1	1	3	2	5	5	5	2
712	3	2	1	1	1	3	1	1	1	1	3	1	3	1	1	2	2	2	4	1	1	1	3	2	2	3	3	2	3	3	2	5
713	1	5	1	1	1	5	4	1	3	1	2	3	5	3	1	1	4	5	4	1	3	1	4	3	2	3	4	4	4	5	1	3
714	5	4	4	1	1	3	1	1	4	1	5	3	5	2	3	2	4	3	4	5	4	4	3	3	1	1	3	1	5	5	2	3
715	3	3	2	3	2	4	4	4	3	3	5	3	5	4	3	3	3	3	5	4	1	1	3	5	5	4	3	2	5	5	4	5
716	4	1	3	2	3	4	5	3	4	3	3	3	3	3	2	3	1	1	2	1	2	1	4	5	2	1	3	5	2	4	1	5
717	5	5	5	5	5	4	4	4	4	4	3	4	4	4	5	3	2	3	5	3	4	3	4	3	2	1	4	4	5	4	2	2
718	3	3	1	3	1	4	1	1	4	3	3	3	5	1	1	2	5	1	5	3	2	2	4	1	3	1	3	1	4	5	1	5
719	3	3	2	1	1	4	4	1	5	5	3	4	5	4	2	3	3	2	5	2	5	2	5	5	3	3	3	3	4	5	3	4
720	3	3	2	4	2	4	4	3	2	1	2	2	3	1	1	1	1	3	1	1	1	1	1	5	1	2	2	3	1	4	2	3
721	5	4	3	2	3	3	4	1	5	3	5	5	3	2	1	2	4	5	5	2	4	5	3	5	5	3	4	4	5	5	5	1
722	1	1	4	3	2	3	1	3	5	5	1	5	5	5	1	2	5	3	5	5	5	1	5	1	3	1	1	4	5	5	4	1
723	3	3	3	2	2	2	2	1	1	1	3	4	5	1	2	2	4	1	5	3	3	5	2	4	1	1	3	2	5	4	2	1
724	5	3	4	3	1	4	1	3	2	1	5	2	5	2	5	2	3	2	4	2	1	1	4	1	2	1	3	2	5	5	1	1
725	2	4	2	2	2	3	1	1	2	1	1	1	2	1	1	1	2	1	3	3	1	1	3	2	1	3	2	1	3	4	1	2
726	5	3	5	1	3	4	3	4	1	1	1	5	5	1	4	3	2	2	4	1	1	5	4	3	1	4	2	4	3	5	5	3
727	2	5	2	1	1	5	5	2	2	1	3	3	2	1	1	5	1	1	2	5	1	1	2	1	1	1	3	4	1	5	2	5
728	1	1	1	3	3	5	3	1	1	1	1	2	1	1	1	5	1	1	1	1	5	3	1	5	1	2	2	5	1	5	2	1
729	5	3	2	5	1	5	5	5	1	1	4	1	4	1	1	3	3	1	5	2	1	2	5	5	1	5	5	5	5	5	5	5
730	4	4	2	4	4	5	5	3	5	5	3	3	4	5	3	3	2	1	4	2	1	2	5	5	2	1	2	4	3	5	5	5
731	5	5	5	1	1	2	2	2	4	3	5	5	5	5	2	3	5	3	5	3	5	1	2	1	1	2	1	3	5	4	5	5
732	4	2	3	4	2	5	4	5	2	1	5	4	5	2	3	2	2	3	1	4	1	1	3	4	1	4	3	2	3	5	2	1
733	5	4	5	3	2	5	2	3	2	2	5	5	5	2	3	1	2	2	5	5	1	1	2	5	1	1	3	1	2	5	4	1
734	5	5	5	5	3	3	3	5	2	2	5	5	5	3	4	1	3	3	5	5	5	2	5	5	4	2	5	5	4	4	2	5
735	3	2	1	5	3	3	3	1	1	2	5	1	4	1	1	1	3	5	4	4	5	1	4	4	2	1	2	1	3	4	1	1
736	4	4	3	3	3	1	1	2	2	2	5	2	1	1	2	1	2	5	4	2	2	2	1	1	3	3	2	1	4	2	1	3
737	5	5	4	2	3	4	2	3	4	2	4	3	3	3	5	3	4	4	4	4	3	2	4	3	1	3	3	3	4	4	3	4
738	4	4	1	1	1	5	2	2	3	2	5	3	5	3	2	1	4	2	5	5	5	4	3	4	2	3	4	1	3	5	3	5
739	1	1	3	4	4	5	5	3	1	2	1	3	5	1	2	5	1	3	3	4	1	1	5	5	1	1	3	4	1	5	5	4
740	5	4	5	5	5	5	5	5	3	2	1	5	5	4	4	4	2	5	4	3	3	1	5	5	1	1	3	5	2	5	5	4
741	4	3	5	3	2	5	4	5	3	1	3	5	4	3	4	5	3	4	4	3	3	2	3	5	3	4	4	4	3	5	5	4
742	5	1	1	5	3	3	1	5	5	5	5	2	5	4	2	1	5	4	5	3	5	1	2	1	1	1	2	2	5	5	3	1
743	3	5	3	4	3	5	4	5	4	1	5	4	5	4	4	2	3	5	5	4	3	4	3	5	1	1	3	4	4	5	4	1
744	1	2	2	3	3	4	5	4	2	2	2	1	3	2	2	2	2	1	2	1	1	1	4	4	1	1	1	4	3	5	4	2
745	3	1	1	1	3	4	4	1	5	5	5	1	4	5	1	4	3	5	5	1	5	3	5	1	2	1	3	5	4	5	5	3
746	4	4	3	4	4	5	5	3	2	2	1	3	3	2	2	5	2	4	3	3	1	1	3	2	1	1	2	5	2	4	3	4
747	1	1	1	5	1	5	3	3	2	2	1	4	4	1	1	1	2	1	4	1	1	1	3	4	1	3	4	2	4	5	2	4
748	5	4	2	1	2	1	4	1	5	2	5	5	3	2	1	2	5	5	5	3	5	5	2	4	5	2	4	3	5	4	4	1
749	3	3	2	2	2	5	5	1	3	3	2	3	2	2	2	2	4	3	4	4	5	5	1	4	5	2	4	3	3	5	3	5
750	4	4	1	1	1	4	3	1	3	2	1	4	5	3	4	1	3	1	5	1	5	3	3	3	1	3	3	3	2	4	2	4
751	4	5	2	4	3	3	3	2	3	2	2	2	2	5	3	5	5	5	2	5	1	3	2	5	4	2	5	5	5	5	5	1
752	2	2	1	1	1	5	2	1	1	1	5	3	4	2	2	1	5	2	5	2	5	2	1	2	1	5	5	2	5	5	1	1
753	3	5	1	3	1	4	2	4	5	4	1	1	5	4	4	1	3	2	1	5	1	1	2	3	2	5	5	4	4	5	2	1
754	4	4	4	1	1	3	1	2	1	1	5	3	5	3	1	1	2	3	5	4	5	1	2	1	2	2	2	2	4	5	2	5
755	3	2	4	4	3	4	4	3	3	2	4	4	5	2	2	4	3	4	3	3	3	2	4	4	2	3	2	4	2	5	4	2
756	3	3	3	4	4	5	4	3	4	2	5	4	5	5	1	1	1	1	4	3	1	4	1	5	1	4	4	5	4	5	4	5
757	5	4	3	3	3	5	5	3	3	3	5	4	4	2	2	3	2	3	5	3	2	2	3	2	2	3	4	4	2	5	3	5
758	2	4	1	1	4	4	1	2	5	5	3	3	5	5	1	1	4	5	1	5	1	1	4	5	1	2	4	5	4	5	5	4
759	2	2	1	3	4	4	5	3	2	3	1	3	4	2	1	5	1	1	4	1	1	1	5	5	3	1	4	5	2	3	4	4
760	5	4	2	4	2	3	3	1	2	5	5	4	3	5	2	4	5	5	5	4	5	5	3	4	5	3	5	5	5	5	5	5
761	4	3	5	3	3	3	3	5	2	1	5	4	5	3	4	1	2	4	5	5	1	1	1	4	1	3	4	2	4	5	3	1
762	2	2	3	3	3	5	5	1	1	1	2	2	3	1	1	5	1	1	1	1	1	1	5	5	1	1	2	5	1	5	5	2
763	5	3	5	3	3	4	4	4	2	2	4	5	5	4	4	5	2	3	4	1	3	1	5	5	1	1	4	4	2	5	5	5
764	5	2	3	1	1	3	3	1	3	1	5	3	4	1	1	1	5	3	5	2	5	3	5	5	3	1	2	4	5	5	1	5
765	3	4	1	2	2	3	1	2	5	5	5	3	5	5	1	1	2	1	2	3	2	2	3	2	4	1	4	3	4	5	1	2
766	2	5	1	3	4	5	5	1	3	3	2	3	5	4	3	5	2	3	3	1	1	1	5	5	1	2	2	5	1	4	5	3
767	4	4	4	3	3	4	4	2	5	5	1	3	5	5	2	5	2	2	3	5	4	5	5	4	5	4	4	3	4	3	2	4
768	3	2	4	3	1	1	1	1	4	4	4	4	4	5	3	3	3	3	4	5	5	5	5	3	4	4	4	3	3	3	3	3
769	3	3	3	2	2	4	4	5	2	2	1	3	3	2	4	3	1	1	2	1	1	1	1	1	1	2	3	3	1	4	3	4
770	4	4	4	4	4	4	4	4	4	4	4	4	4	4	4	4	4	4	4	4	4	4	4	4	4	4	4	4	4	4	4	4
771	1	2	3	2	3	4	3	2	1	2	3	4	3	2	1	2	3	4	5	4	3	2	1	2	3	4	5	4	3	2	1	2
772	3	2	4	3	1	5	4	4	2	2	2	3	3	2	2	5	2	3	2	1	1	1	2	1	1	1	1	5	2	5	3	1
773	3	4	3	1	1	4	3	1	3	1	3	4	4	1	2	3	2	3	4	4	3	2	3	3	3	4	5	2	3	5	3	4
774	3	3	3	3	3	3	3	3	3	3	3	3	3	3	3	3	2	2	4	4	2	2	2	4	1	3	3	2	2	5	5	4
775	4	3	4	2	1	5	1	3	2	2	5	4	5	1	2	2	3	3	5	5	1	1	3	5	1	1	1	2	3	5	3	1
776	3	4	2	2	2	5	5	4	3	1	4	5	5	3	3	3	5	3	5	5	4	4	3	4	4	4	5	5	5	5	5	5
777	5	3	5	1	1	5	5	5	2	1	1	3	5	3	2	5	3	3	5	3	5	5	1	5	3	3	3	5	3	5	5	3
778	2	2	3	1	1	5	3	3	1	1	1	1	3	1	2	5	1	1	4	1	1	1	4	5	1	4	5	1	1	5	5	1
779	2	3	1	2	1	5	1	2	1	1	3	1	3	1	1	3	3	1	4	2	2	1	5	5	1	5	5	1	5	5	3	5
780	5	5	4	2	2	5	3	3	3	2	5	2	4	2	2	2	5	4	5	5	1	2	4	5	5	3	5	4	5	5	2	5
781	5	4	4	4	1	4	3	5	2	5	3	4	5	3	4	4	3	2	2	3	2	2	3	3	1	3	4	3	2	3	3	5
782	5	5	2	1	1	2	2	1	5	3	5	1	3	3	1	1	4	1	4	2	1	2	1	5	5	2	3	1	5	5	4	5
783	2	5	1	3	3	5	4	3	5	4	5	3	5	5	3	3	5	1	3	1	2	5	3	3	4	2	4	5	3	5	3	5
784	5	3	3	2	3	5	5	3	4	2	3	4	2	3	2	4	3	3	4	1	1	1	3	1	1	4	4	5	3	5	3	5
785	4	5	5	2	2	4	2	2	5	5	2	3	4	5	2	5	4	1	5	5	3	1	5	2	1	3	3	4	4	2	1	1
786	5	3	4	1	1	4	3	3	2	1	3	4	5	3	5	4	3	2	3	1	1	1	5	5	1	3	4	1	3	4	4	4
787	4	2	4	2	2	5	1	2	5	5	4	2	3	5	4	5	2	3	5	2	1	1	4	2	1	1	2	3	3	5	4	1
788	5	4	5	3	2	4	1	2	1	1	4	3	3	2	5	4	3	3	4	2	1	1	4	5	1	3	4	2	3	5	5	2
789	2	3	3	1	1	3	2	4	3	2	3	2	4	3	4	1	2	1	3	2	1	1	3	5	1	2	3	1	3	5	3	1
790	3	2	1	1	1	5	5	3	4	2	4	3	4	1	3	3	5	3	2	5	1	1	5	1	3	5	5	4	4	5	3	5
791	3	4	1	3	4	4	2	1	5	5	2	1	4	4	1	1	2	2	3	4	3	5	2	2	2	1	2	5	2	4	3	1
792	3	5	2	1	1	4	4	2	3	1	4	3	3	5	2	1	4	5	2	3	3	4	1	3	1	1	5	3	1	3	1	1
793	4	3	2	1	1	4	3	3	3	1	1	2	2	1	1	5	1	3	3	1	1	1	1	5	1	3	4	5	1	5	5	3
794	3	3	3	4	4	2	4	3	5	1	5	3	4	2	4	3	4	2	4	3	4	2	4	2	3	4	4	3	3	5	3	2
795	2	1	2	1	1	3	2	1	1	1	1	1	1	1	1	5	1	1	4	1	1	1	5	5	1	2	3	1	2	5	4	5
796	4	4	4	4	4	4	4	4	4	4	4	4	4	4	4	5	3	2	5	5	3	2	2	4	1	5	5	5	4	5	5	5
797	3	4	4	4	4	3	4	4	2	1	1	3	4	3	4	4	5	3	5	4	4	4	4	4	5	4	3	5	4	2	5	4
798	2	2	3	2	1	5	5	4	1	1	1	1	3	2	2	5	1	1	5	1	1	1	3	5	1	5	4	1	1	5	5	1
799	5	4	5	2	2	5	2	3	2	1	3	5	5	4	5	4	2	3	2	5	4	1	5	3	1	3	3	4	2	5	1	1
800	4	2	3	4	3	5	5	2	3	2	5	3	4	3	2	3	4	2	4	2	3	3	3	2	4	3	3	4	5	4	3	5
801	1	1	2	4	3	4	4	1	5	5	3	4	3	5	1	1	1	4	5	1	1	1	2	5	1	1	4	4	5	5	3	1
802	2	1	1	1	2	3	2	1	1	1	1	3	2	1	1	5	1	1	5	1	1	1	5	5	1	1	1	5	1	5	5	2
803	3	3	1	1	1	4	2	1	4	1	3	5	5	1	1	2	1	1	4	5	2	3	4	5	2	2	4	3	3	5	3	4
804	3	3	3	1	1	5	3	2	2	1	2	2	3	1	1	3	3	2	4	1	4	1	3	5	3	3	3	1	3	5	5	3
805	1	3	3	1	1	5	2	3	1	1	5	3	5	1	1	4	4	2	4	2	5	5	5	4	4	3	4	3	5	5	5	5
806	5	4	3	1	1	5	3	3	4	4	5	5	5	3	2	1	5	3	4	4	5	4	3	4	1	5	5	2	4	5	3	4
807	5	5	5	1	1	5	5	1	1	1	1	3	4	1	3	5	1	2	4	4	1	1	2	3	5	1	5	5	1	5	3	5
808	3	3	5	1	1	5	2	5	1	1	2	4	4	1	4	5	2	1	5	1	1	1	4	2	2	3	4	3	4	5	3	5
809	2	2	1	1	1	5	3	2	1	1	1	4	3	1	1	3	1	1	4	1	1	1	5	5	1	1	4	3	2	5	5	1
810	4	3	5	1	1	4	5	1	1	1	1	3	5	1	2	5	1	2	4	1	1	1	1	1	1	1	5	5	1	5	5	1
811	4	4	2	1	1	3	3	3	3	1	5	3	3	3	3	2	5	3	5	3	5	5	4	3	2	4	2	4	5	5	4	5
812	4	5	4	2	3	3	3	2	4	2	5	4	4	4	3	2	4	3	4	2	3	4	3	4	3	1	2	5	4	5	3	5
813	5	1	1	1	1	5	3	5	1	1	1	5	2	1	5	5	1	1	5	3	1	3	5	5	5	1	5	3	1	5	2	4
814	3	1	1	1	1	5	3	1	1	1	1	3	2	1	1	5	1	2	5	3	1	1	5	5	1	1	4	4	1	5	2	5
815	3	4	3	3	2	5	3	4	3	2	5	2	5	3	1	5	5	4	5	5	3	3	3	3	2	3	5	3	5	5	4	5
816	4	5	3	4	4	4	3	3	5	5	3	2	5	5	2	5	1	5	5	2	3	1	1	5	2	1	3	5	4	5	5	5
817	5	4	5	3	3	5	4	4	3	2	2	4	5	2	4	4	3	4	5	3	5	1	4	3	5	5	5	5	5	5	5	5
818	1	1	4	1	1	5	5	1	4	1	1	5	1	4	1	1	3	1	3	3	4	4	5	5	4	1	1	1	3	3	4	2
819	4	2	4	1	1	4	5	5	3	1	1	5	5	1	1	3	1	3	5	1	1	1	5	5	5	2	2	4	1	5	5	4
820	3	3	3	3	3	5	3	2	5	5	2	4	4	5	3	5	2	2	4	3	1	1	4	1	2	2	3	3	3	5	2	5
821	2	5	1	3	1	5	2	3	1	1	3	4	5	1	1	2	1	1	4	3	1	1	2	3	1	4	4	1	4	5	1	1
822	5	4	1	1	1	5	5	1	4	3	2	1	5	3	1	3	3	4	5	1	5	3	1	1	1	3	3	5	4	5	1	5
823	4	2	2	1	1	3	2	5	1	1	5	2	4	1	1	1	2	1	1	1	1	3	3	1	2	4	3	1	2	5	2	4
824	4	4	3	1	1	4	3	5	1	1	1	3	3	1	2	2	2	1	2	1	4	5	3	3	1	3	4	3	2	5	5	1
825	5	1	1	1	1	3	3	1	1	1	5	3	5	1	1	1	2	1	2	1	3	1	2	1	1	1	1	1	5	5	1	5
826	2	2	1	2	1	4	4	1	2	1	3	2	3	1	1	1	4	1	5	1	5	1	3	1	3	1	3	3	3	4	1	5
827	4	3	1	1	1	3	2	1	4	1	4	4	5	3	1	1	5	3	4	2	5	2	5	2	2	3	4	2	5	5	3	1
828	2	3	2	1	1	4	2	3	2	1	5	3	4	3	2	1	5	1	4	2	3	1	3	1	1	4	5	1	4	5	1	2
829	2	1	4	3	2	5	3	3	2	2	3	2	4	2	2	3	2	4	3	1	1	2	3	4	1	3	1	2	3	4	2	2
830	3	4	5	2	1	5	4	5	3	1	5	4	5	3	5	1	4	5	3	5	2	1	2	4	1	2	2	4	5	4	1	2
831	4	4	1	5	4	5	5	1	5	5	5	3	5	5	5	1	3	3	5	5	5	2	2	5	2	1	3	4	4	5	5	5
832	4	3	3	3	2	5	3	4	3	3	3	3	5	3	5	5	5	4	4	3	2	2	4	1	2	4	4	4	4	5	4	3
833	3	3	3	1	2	2	2	1	4	3	5	5	5	4	1	1	5	4	4	1	2	3	2	1	5	1	5	1	5	5	1	2
834	3	5	5	2	4	5	3	5	2	2	5	2	4	2	4	1	4	1	4	1	2	1	4	3	1	1	3	3	5	5	1	1
835	2	2	3	1	2	3	3	4	4	2	3	3	5	4	3	4	3	2	3	1	1	1	3	5	2	2	3	4	3	4	2	3
836	4	1	1	4	4	5	5	2	1	1	2	4	3	1	1	3	1	1	5	2	1	1	5	5	1	1	1	3	2	5	1	1
837	2	3	4	1	1	4	4	3	3	3	4	4	4	2	2	5	1	1	4	1	5	2	5	5	1	4	4	5	3	4	4	4
838	3	2	4	4	5	4	3	1	2	5	5	5	5	5	1	1	4	4	5	5	5	1	3	5	2	1	1	5	5	5	3	3
839	2	1	1	1	1	5	2	4	3	1	2	3	3	1	4	2	3	1	4	5	2	1	5	4	1	2	3	2	3	5	3	5
840	2	3	3	1	1	5	2	4	2	1	2	2	4	3	5	3	2	1	3	3	1	1	1	4	1	3	5	2	4	5	2	5
841	1	4	3	3	2	5	3	2	2	2	3	3	2	2	2	3	1	1	3	3	3	3	4	3	2	5	4	3	3	4	3	3
842	3	1	1	1	1	4	4	2	2	2	3	2	5	2	2	3	1	1	1	5	5	5	5	5	1	1	1	1	1	5	4	1
843	5	2	3	2	2	3	5	1	1	1	5	2	3	1	1	2	1	1	3	2	2	1	5	3	2	1	4	5	4	5	2	4
844	5	3	5	1	1	5	3	5	1	1	5	5	5	4	5	5	3	5	5	4	1	2	5	5	3	4	5	5	4	5	5	5
845	5	4	5	5	5	5	5	5	2	1	5	1	5	3	3	4	5	5	5	4	4	5	5	5	5	3	3	4	5	4	4	4
846	5	3	3	2	1	3	3	2	1	3	5	4	5	1	3	3	3	1	4	2	1	3	2	3	1	4	4	1	3	5	2	4
847	2	1	1	2	2	5	4	3	1	1	3	2	5	2	1	3	2	2	3	5	2	1	2	2	2	1	5	2	2	5	2	5
848	3	4	1	1	1	3	2	1	2	1	5	2	4	1	1	1	5	3	4	4	1	3	1	3	2	2	4	1	5	5	3	5
849	1	5	2	1	2	5	3	5	2	2	1	2	3	1	2	1	2	1	2	2	2	1	5	1	2	1	4	3	1	5	4	2
850	1	2	3	5	4	5	4	2	2	1	4	3	2	3	1	1	4	3	4	3	4	4	4	5	3	2	3	1	4	5	2	4
851	2	3	1	1	1	4	2	1	5	4	5	4	5	4	3	2	1	4	3	1	1	1	4	1	1	4	5	3	3	4	1	5
852	4	5	4	5	2	5	3	5	3	1	1	5	4	4	3	5	5	3	5	3	2	1	3	5	1	3	4	3	3	5	5	3
853	4	4	1	3	1	4	4	5	3	2	1	5	4	2	4	5	2	2	3	2	1	1	5	5	2	5	4	3	1	5	4	5
854	3	3	2	3	3	4	3	3	3	3	4	4	3	3	3	3	3	3	5	3	3	4	5	3	4	3	4	3	5	5	3	5
855	2	1	2	3	3	4	4	3	2	1	3	2	3	1	1	4	3	1	3	2	1	1	5	4	1	3	4	4	2	5	3	3
856	4	4	3	4	4	5	5	4	4	2	2	3	3	2	3	5	3	3	5	2	1	1	4	4	3	1	3	5	4	5	4	3
857	4	2	3	4	1	5	2	4	2	4	3	4	5	2	3	1	3	1	3	1	2	1	5	4	2	5	5	3	4	5	2	5
858	2	3	1	1	1	5	4	4	1	1	4	2	4	1	1	2	1	1	4	3	3	2	2	1	1	4	4	5	3	5	2	5
859	5	3	3	2	1	4	3	3	2	1	5	3	5	2	3	4	1	1	4	2	5	2	5	3	1	1	2	3	2	5	5	1
860	3	1	4	2	1	5	3	5	2	1	2	5	4	1	2	5	2	1	4	2	1	1	5	2	1	2	3	4	2	5	3	5
861	3	5	4	1	3	5	4	5	3	1	3	3	4	2	4	5	3	3	3	1	1	1	3	1	1	1	2	5	4	5	4	4
862	4	2	4	2	1	4	3	2	2	2	4	2	5	3	3	3	4	1	4	3	1	2	4	1	1	4	4	4	4	5	5	5
863	3	2	4	4	2	5	5	5	2	2	2	4	5	1	3	5	2	1	4	3	1	1	1	5	1	4	5	5	3	5	4	5
864	3	4	1	1	1	4	4	3	1	1	4	1	4	1	1	3	1	2	4	3	3	2	1	1	1	4	4	4	3	5	1	5
865	4	4	2	3	1	4	4	2	1	1	4	3	4	3	3	3	2	1	2	2	1	1	5	5	1	2	2	4	2	5	2	3
866	2	2	3	3	2	4	4	3	2	1	2	3	3	3	2	3	3	2	3	3	1	4	2	3	2	3	4	3	2	4	2	3
867	5	4	3	2	3	5	5	2	4	4	5	4	4	5	3	2	3	4	2	1	1	1	3	5	1	2	1	4	3	2	2	3
868	4	5	4	3	3	5	4	3	4	2	3	4	3	4	2	4	1	1	4	1	1	1	4	1	2	2	3	5	1	3	1	5
869	2	1	3	2	2	4	3	2	1	2	4	5	4	2	1	3	2	1	3	3	2	4	4	5	2	3	3	2	1	4	3	4
870	5	5	1	1	1	4	1	1	4	2	4	4	5	4	1	1	2	1	5	3	3	1	2	4	1	2	5	5	5	5	4	5
871	2	2	3	3	2	3	2	1	2	2	4	3	4	2	5	2	3	2	3	2	1	1	2	2	3	2	4	2	3	4	2	2
872	5	4	4	5	5	5	5	4	3	5	3	5	4	4	5	5	5	3	4	1	1	1	3	1	2	1	5	5	5	5	5	5
873	2	3	1	1	4	4	4	1	5	5	2	1	2	5	1	5	3	3	2	1	5	1	4	4	1	2	3	5	3	5	2	2
874	3	4	2	2	1	4	4	2	2	1	2	3	4	2	1	4	3	1	5	2	1	1	5	5	1	1	3	3	3	5	3	2
875	3	3	2	1	1	4	2	4	3	2	1	2	3	2	3	2	1	1	2	1	1	1	5	5	1	2	5	2	3	5	5	4
876	1	4	1	1	1	5	5	1	2	1	1	2	1	5	1	5	3	1	5	2	1	1	1	5	3	3	3	4	1	5	5	5
877	2	2	4	5	4	5	5	1	5	5	1	2	3	5	1	5	3	1	2	3	5	1	5	5	1	3	3	4	2	5	5	4
878	4	5	5	3	1	4	4	4	2	1	5	5	5	3	3	4	3	5	5	5	5	3	5	5	1	1	1	3	5	5	2	2
879	2	4	4	4	2	4	4	2	4	4	3	4	4	5	5	4	5	4	4	2	4	3	4	5	1	4	2	4	2	5	5	4
880	2	2	3	4	5	2	4	5	2	2	4	3	3	2	4	5	2	2	1	2	2	1	5	5	1	2	3	4	1	5	4	5
881	3	3	2	1	1	4	2	4	2	2	1	2	3	2	4	3	1	2	4	1	1	1	5	5	1	2	5	2	3	5	4	4
882	5	4	2	1	1	4	1	1	4	1	5	4	5	4	1	2	4	1	5	2	5	1	3	3	1	1	5	5	5	5	4	5
883	3	3	1	1	1	4	1	1	5	5	4	3	4	4	1	1	3	2	3	1	3	3	5	4	1	3	4	1	2	5	2	1
884	4	4	3	1	1	5	3	2	2	1	5	2	5	2	4	1	2	1	3	2	1	1	3	1	2	3	2	2	4	5	3	1
885	3	2	1	4	2	5	3	5	1	1	5	3	5	1	1	5	5	1	3	3	1	1	5	3	1	5	5	1	5	5	1	5
886	3	2	2	2	1	3	1	4	4	3	4	2	4	5	5	4	2	3	5	1	1	1	3	1	5	4	4	4	4	5	2	5
887	1	1	4	4	4	5	5	2	1	1	1	4	4	1	2	5	1	3	1	1	4	1	1	4	1	1	1	5	3	5	5	1
888	2	3	2	3	1	3	3	4	3	2	3	4	3	4	2	3	3	3	2	3	2	3	3	3	2	4	2	3	2	4	2	3
889	4	5	3	1	1	5	4	3	5	5	5	3	4	5	3	1	3	2	4	5	1	1	5	4	2	4	4	2	5	5	5	5
890	5	3	1	1	1	5	4	3	3	1	5	5	5	4	2	4	4	2	4	4	5	5	1	3	5	5	2	4	5	5	5	1
891	1	1	1	4	4	5	5	2	2	1	1	5	3	1	4	5	1	1	3	1	2	1	5	5	1	5	4	5	1	5	5	3
892	4	3	3	2	1	4	3	3	3	2	2	3	3	2	2	4	3	2	3	3	1	1	2	4	2	3	3	3	2	5	4	4
893	3	2	3	4	4	4	4	3	1	2	1	3	4	1	1	5	2	1	2	3	2	1	4	3	1	1	2	4	3	4	4	2
894	2	2	3	3	2	3	2	4	2	3	2	2	4	3	2	3	2	3	2	2	2	2	3	4	2	3	2	3	3	4	2	2
895	2	3	1	1	1	5	4	2	2	2	2	5	3	1	1	1	4	1	5	5	1	2	4	5	2	3	5	4	3	5	5	4
896	2	2	2	1	2	2	2	1	2	2	1	4	3	2	1	2	2	1	3	1	1	1	5	5	2	2	2	2	2	4	4	4
897	4	2	4	1	1	5	4	2	1	1	5	4	4	1	2	2	4	1	4	1	2	4	3	2	1	1	2	4	4	5	4	3
898	2	3	2	4	2	3	2	2	1	1	2	2	3	2	4	3	2	3	2	3	4	3	2	3	2	3	2	4	3	4	3	3
899	4	4	4	1	1	4	4	3	4	1	4	3	3	2	1	1	5	3	4	3	1	1	3	3	4	1	3	3	2	4	1	3
900	4	4	4	3	3	5	5	5	1	1	1	4	3	1	4	4	1	3	2	1	1	3	3	3	3	1	2	5	3	5	5	5
901	2	3	5	2	1	4	2	3	1	1	4	2	4	2	5	2	2	4	2	1	1	1	4	5	2	4	3	3	3	3	2	3
902	4	2	5	1	1	4	2	1	1	1	2	3	2	1	3	1	2	2	4	1	1	1	3	1	1	1	2	1	5	4	2	5
903	4	4	1	3	3	4	3	2	2	2	4	3	1	2	4	1	1	3	5	1	1	1	5	5	1	1	3	2	3	4	4	3
904	5	1	3	5	3	5	5	1	3	5	3	5	4	3	1	3	2	1	3	2	5	3	5	2	3	4	1	5	1	5	3	3
905	3	3	3	2	2	4	4	5	2	2	2	4	5	2	2	3	5	3	4	4	1	1	2	4	2	5	3	3	3	4	5	1
906	5	2	4	1	1	5	3	4	1	1	3	4	5	3	5	5	3	2	2	1	1	1	5	5	1	3	5	5	3	5	5	2
907	5	2	4	1	1	5	3	5	1	1	1	3	5	1	2	1	2	2	3	3	1	1	4	1	5	1	2	3	2	5	1	1
908	2	2	2	2	1	5	3	3	1	1	3	1	3	1	1	1	4	3	1	2	1	2	3	3	1	4	4	2	2	4	1	2
909	2	2	3	2	4	4	3	2	2	3	4	3	3	2	2	3	2	4	3	3	4	3	3	4	2	3	4	3	2	5	3	2
910	3	4	3	2	2	5	4	3	2	1	2	2	5	4	4	3	3	5	4	2	4	4	4	4	4	4	4	4	3	4	4	3
911	5	3	4	4	2	5	3	5	2	1	5	3	5	3	4	4	5	2	2	1	4	1	5	2	5	4	5	3	5	5	1	1
912	5	4	3	5	2	3	3	4	2	5	5	3	3	1	4	4	2	1	4	1	2	5	2	5	1	2	3	3	4	4	5	5
913	4	2	2	3	2	3	2	2	3	3	4	2	3	3	2	4	2	3	4	2	3	2	4	4	2	3	3	4	3	2	3	4
914	4	4	3	3	1	3	2	2	3	2	5	3	5	2	1	1	5	3	4	4	4	3	1	4	3	1	2	3	5	4	4	2
915	5	4	4	3	2	3	1	2	2	3	5	5	5	3	4	2	4	4	4	5	2	5	3	4	5	2	4	3	5	4	4	3
916	1	2	2	2	1	5	2	4	2	2	4	3	4	1	2	3	3	3	2	1	1	1	3	1	1	5	4	2	3	5	1	5
917	4	2	5	1	1	5	5	1	1	1	4	3	2	1	4	4	2	1	2	1	1	1	3	2	1	2	1	3	2	3	1	4
918	3	2	3	3	2	5	4	4	2	2	1	3	4	1	1	4	3	1	2	1	1	1	3	4	1	3	3	3	2	4	2	3
919	5	4	3	2	2	4	2	2	3	3	4	3	3	1	2	1	5	3	4	2	1	1	3	3	1	1	3	3	4	5	3	4
920	5	5	3	2	1	2	1	2	1	5	5	2	4	2	5	1	5	2	2	5	5	4	5	5	3	2	5	1	5	5	3	1
921	3	5	2	1	1	3	1	1	2	2	4	1	3	1	1	1	2	2	2	1	1	1	1	1	1	3	3	1	3	5	1	1
922	2	2	2	3	3	5	4	1	2	1	2	3	2	3	2	4	3	2	3	2	4	3	4	5	1	2	3	2	1	5	3	4
923	2	5	5	3	4	5	5	5	5	2	2	5	5	3	4	5	2	1	4	1	1	1	5	1	1	3	5	5	2	5	5	5
924	3	2	2	1	2	5	4	1	4	2	5	2	5	3	1	1	5	1	3	3	3	2	1	2	3	4	4	3	3	5	1	3
925	3	4	2	1	1	3	1	2	4	2	1	3	5	2	1	2	5	1	4	2	1	1	2	5	1	3	4	3	3	5	2	5
926	3	4	1	1	1	3	3	1	2	1	5	1	4	2	1	2	2	1	3	5	2	1	5	4	3	5	5	2	5	5	1	5
927	2	1	3	3	1	5	5	3	1	1	2	2	3	1	1	5	2	3	4	1	1	1	4	4	1	1	2	5	3	4	2	1
928	1	5	1	1	1	4	2	1	5	2	1	5	4	3	2	5	3	3	3	4	1	1	3	5	2	3	4	2	4	4	1	5
929	3	2	2	1	1	4	2	1	5	5	4	2	4	3	2	1	3	2	4	2	3	1	3	1	2	4	4	2	3	5	1	5
930	4	3	3	3	3	3	3	2	2	3	3	5	1	3	4	1	4	2	3	4	4	4	2	4	3	4	4	4	3	5	3	3
931	3	2	2	1	2	5	4	3	2	1	1	3	3	3	2	4	3	3	4	2	4	1	3	1	1	3	5	3	2	5	2	1
932	1	2	3	2	1	4	5	2	2	2	2	3	4	2	2	3	3	1	2	1	1	1	4	5	1	3	2	3	2	4	2	3
933	1	1	2	3	1	5	5	2	4	5	2	1	3	3	2	3	3	1	5	3	1	1	5	3	4	4	4	3	2	5	3	2
934	4	1	4	2	1	4	1	4	2	2	4	4	4	3	3	1	2	2	2	2	4	2	4	2	3	3	5	5	5	5	3	5
935	2	5	2	2	2	5	2	3	2	2	4	2	5	2	2	3	2	1	2	1	1	1	1	2	1	1	1	2	2	5	1	4
936	3	1	1	1	1	5	1	1	1	1	5	1	5	1	1	1	1	1	5	1	1	1	3	3	1	2	5	1	1	5	1	5
937	2	2	1	2	1	3	2	2	1	3	1	2	4	2	1	2	2	2	3	3	3	2	3	3	2	3	4	3	3	4	2	2
938	3	5	1	5	4	5	3	2	4	2	5	5	4	3	2	3	3	3	2	2	5	1	5	2	1	1	3	3	4	5	4	5
939	4	4	3	5	3	4	3	2	4	3	5	5	5	2	1	1	5	4	5	1	1	1	3	1	1	4	5	4	4	3	1	5
940	2	5	2	3	4	4	1	5	5	2	3	5	5	2	1	1	4	1	5	3	3	1	4	4	1	2	2	3	1	4	4	4
941	4	3	2	3	3	5	5	1	2	1	2	1	3	1	1	1	2	4	5	1	5	1	5	1	1	1	3	2	2	5	3	4
942	2	4	5	2	1	5	3	2	2	1	5	2	5	3	2	1	5	3	3	1	5	3	4	2	2	4	5	3	3	5	2	2
943	4	3	4	1	1	5	2	1	1	2	3	5	5	1	2	1	1	2	3	1	1	3	4	5	2	5	4	1	3	4	5	5
944	3	2	3	4	3	4	2	2	3	1	4	3	3	2	5	5	2	2	4	2	1	1	4	2	1	3	5	2	4	5	4	5
945	4	2	3	2	3	3	1	2	3	1	3	5	2	3	2	4	3	1	5	2	2	2	4	5	2	3	5	4	5	5	3	5
946	4	2	3	5	5	5	5	4	1	1	1	1	4	1	3	3	1	2	5	1	1	1	5	3	3	1	1	5	2	5	5	5
947	3	2	1	1	1	5	5	3	2	2	3	2	5	3	3	5	2	1	3	1	5	1	3	3	1	3	2	5	1	5	1	1
948	2	1	1	1	1	3	2	2	2	2	2	2	3	2	2	1	3	1	2	3	4	2	3	3	2	3	4	2	3	5	1	3
949	4	2	2	5	4	3	3	1	5	5	4	3	4	5	1	2	3	1	4	5	1	1	1	4	2	3	4	4	5	5	5	5
950	1	3	1	2	1	3	2	1	1	2	1	1	3	1	1	4	2	1	5	1	2	3	3	3	1	1	1	1	1	5	4	5
951	4	1	3	1	1	5	5	4	2	3	2	2	3	1	3	3	1	2	4	1	5	1	3	3	1	1	3	5	1	3	4	5
952	1	1	2	3	4	5	5	2	1	1	1	3	2	1	2	5	1	1	5	1	1	1	5	5	1	1	1	5	1	5	5	1
953	3	2	3	5	4	4	5	3	3	2	2	1	5	1	1	3	1	1	5	2	5	4	3	2	1	1	3	4	2	5	1	2
954	4	4	3	3	2	3	1	2	5	5	4	3	5	5	3	3	1	1	1	5	3	2	1	4	3	4	4	4	3	4	4	4
955	2	5	1	4	1	5	2	3	4	1	3	2	4	3	3	2	3	3	4	5	5	3	2	4	1	4	4	3	4	5	3	4
956	5	5	1	5	4	3	2	5	5	5	2	3	1	2	4	1	2	1	5	4	1	3	1	5	1	1	4	5	3	5	3	5
957	3	2	2	2	3	4	3	1	1	1	3	2	2	1	1	1	1	1	3	1	1	1	1	1	1	2	1	3	3	5	1	4
958	3	3	3	1	1	4	4	1	1	1	1	1	1	1	1	5	1	1	3	1	1	1	2	1	1	1	2	4	2	4	1	1
959	3	4	2	1	1	2	1	2	4	4	3	4	5	5	1	2	2	3	5	5	4	1	5	2	3	5	5	2	3	5	2	5
960	4	4	2	3	1	5	2	4	2	2	1	2	4	3	1	1	1	1	4	1	1	1	3	3	1	1	2	2	3	4	2	4
961	5	3	3	3	3	5	3	2	2	3	5	3	5	2	4	3	4	3	3	3	1	1	3	4	1	2	2	2	4	5	1	1
962	5	5	5	5	3	5	5	3	5	4	3	5	3	5	4	4	2	5	5	2	1	1	5	5	5	4	4	5	1	5	3	5
963	5	3	1	3	4	3	1	4	3	2	5	4	5	3	1	3	3	2	1	1	2	4	2	1	2	2	3	1	4	4	1	1
964	5	5	5	1	4	5	5	3	3	2	1	3	2	2	3	5	2	5	1	1	1	1	3	3	1	4	2	5	1	5	4	3
965	3	4	2	2	2	4	3	4	3	3	3	3	4	3	3	3	3	3	4	2	4	2	2	5	3	1	2	4	3	4	5	4
966	5	5	1	1	3	5	2	1	3	1	5	5	5	1	2	2	3	1	2	4	2	5	3	5	2	5	5	3	3	5	3	1
967	5	5	5	1	1	1	1	3	4	1	5	4	5	5	5	1	5	1	1	5	5	5	1	5	2	5	5	1	5	5	5	5
968	5	2	3	5	5	4	3	2	4	3	5	4	3	3	2	4	5	2	5	2	4	1	5	4	2	1	2	5	4	5	2	4
969	2	1	1	5	4	5	5	3	2	1	1	2	2	2	1	3	1	1	4	2	1	1	5	4	2	3	2	5	2	5	3	4
970	3	3	1	3	1	5	5	4	1	1	4	1	4	1	2	2	1	1	4	5	1	1	3	2	1	1	2	1	2	5	3	1
971	2	3	2	4	4	5	5	5	1	1	4	1	5	1	1	5	4	1	1	1	5	1	2	1	1	2	5	5	4	5	1	3
972	3	2	3	3	3	4	4	2	2	2	4	4	5	2	2	4	3	2	3	1	1	1	4	4	1	1	3	4	2	4	4	3
973	3	4	2	3	3	4	2	1	5	5	5	3	5	5	3	3	4	1	3	2	2	4	5	3	2	1	5	5	5	5	2	5
974	2	4	1	1	2	5	5	1	1	2	4	2	1	1	1	1	4	1	5	1	3	4	1	1	3	2	5	5	3	4	2	4
975	3	4	3	5	3	5	2	2	3	4	5	2	5	3	3	2	3	1	4	1	1	1	5	5	1	2	2	4	3	5	1	3
976	5	4	3	1	4	5	1	1	3	1	5	5	5	3	2	1	2	3	5	5	5	5	3	4	2	1	4	3	4	5	3	5
977	2	5	2	4	3	4	4	4	2	3	4	3	5	3	2	4	2	2	4	5	4	2	3	4	1	3	4	3	4	5	3	2
978	2	1	3	3	1	4	2	2	1	1	2	5	4	1	1	3	2	2	3	1	1	1	4	3	1	2	4	1	2	5	3	3
979	5	3	3	2	2	5	3	5	3	2	5	4	4	2	3	1	3	1	4	1	1	1	5	1	1	3	2	2	5	5	2	4
980	5	3	5	3	2	5	3	5	3	2	3	5	5	3	5	4	3	2	2	2	1	2	1	3	1	3	3	3	3	5	2	4
981	5	5	5	1	2	4	1	2	2	1	5	1	2	1	3	2	4	3	1	1	3	3	3	1	1	2	1	3	5	5	3	3
982	5	5	2	1	2	5	1	1	2	1	5	4	2	1	1	1	4	2	4	3	3	4	3	1	1	2	3	3	5	3	2	1
983	1	2	3	3	4	4	4	2	1	1	1	1	4	2	1	4	3	1	3	1	2	1	4	1	1	3	5	5	4	5	4	4
984	2	2	3	1	1	4	1	4	2	1	3	3	2	1	2	1	3	1	4	5	2	1	5	4	1	3	4	1	3	5	3	4
985	1	1	4	1	1	4	2	4	1	1	4	3	2	1	1	2	3	2	2	3	1	1	3	1	1	1	2	3	5	4	3	4
986	4	3	2	1	2	3	2	3	1	1	5	2	4	1	1	1	4	1	4	2	4	1	3	3	1	3	2	3	5	4	2	2
987	5	5	3	5	3	4	4	3	2	1	5	3	5	2	1	1	4	5	5	1	5	1	1	4	2	1	2	3	4	4	2	1
988	5	5	4	2	2	5	2	2	3	2	1	4	5	2	1	1	4	2	4	1	5	1	4	3	1	1	1	4	3	4	1	2
989	5	5	5	4	5	5	5	5	2	5	5	3	5	5	3	2	3	2	5	5	4	1	3	5	5	1	5	5	5	5	5	1
990	5	5	5	1	1	5	5	3	3	3	5	5	5	4	3	3	4	3	5	5	5	5	2	5	2	1	3	3	5	5	3	1
991	3	2	5	1	1	5	5	3	1	1	3	4	3	2	2	4	1	1	3	1	3	1	4	2	1	1	1	4	1	5	4	1
992	4	1	2	1	1	5	5	2	1	1	2	2	4	1	1	2	1	1	3	1	1	1	2	1	1	2	1	3	1	3	1	5
993	5	2	3	5	5	4	3	1	4	4	2	4	2	1	1	2	1	1	1	1	1	5	4	1	1	1	1	5	2	5	1	1
994	1	3	5	1	1	3	2	4	1	1	3	2	5	1	4	1	2	1	2	3	1	2	3	3	1	4	3	2	4	5	3	2
995	5	5	2	1	1	5	1	1	4	1	5	2	3	3	3	2	4	4	4	1	1	2	3	2	1	2	3	3	3	4	3	5
996	3	4	3	4	2	5	4	4	1	2	1	5	5	1	4	4	2	2	2	2	1	1	3	3	1	1	3	3	2	5	2	5
997	4	1	1	1	1	4	4	2	2	1	1	4	3	2	1	1	2	1	3	1	4	1	2	2	1	1	1	2	2	5	1	2
998	1	5	1	2	1	4	1	3	2	1	1	4	5	3	3	3	5	3	5	4	3	2	5	5	2	3	1	2	2	5	5	5
999	3	4	2	5	5	5	5	2	3	2	4	2	5	3	2	1	1	3	5	1	3	4	1	5	2	3	2	5	4	5	3	1
1000	4	5	3	5	3	5	5	3	4	3	3	4	5	3	2	3	3	4	5	5	5	5	5	5	2	1	1	5	4	5	5	1
1001	3	3	2	1	1	3	1	2	5	5	2	3	2	3	2	1	1	1	4	5	2	1	5	5	2	3	5	3	4	5	4	5
1002	3	2	3	1	1	5	3	4	2	1	3	2	1	1	3	2	2	1	2	3	1	1	2	4	1	3	5	2	4	5	2	4
1003	2	2	1	1	3	5	5	2	1	1	1	2	3	1	1	2	1	1	1	1	5	4	2	1	1	1	1	3	1	5	3	2
1004	3	4	3	1	1	3	1	4	3	2	4	2	4	2	2	1	1	3	4	3	2	1	4	3	2	1	3	2	3	4	2	5
1005	3	4	1	2	2	5	5	3	3	2	2	3	4	3	2	2	3	1	3	3	4	1	5	2	2	1	2	2	2	5	4	4
1006	4	4	2	1	2	4	3	1	2	1	5	4	5	2	1	1	5	1	2	2	3	4	4	4	2	4	5	3	5	5	4	4
1007	4	1	1	5	4	5	5	2	2	1	1	2	2	1	1	5	1	5	5	5	5	1	1	5	5	1	2	5	1	5	1	5
1008	2	3	3	3	1	3	4	1	1	1	4	1	5	1	1	1	1	1	1	1	2	1	2	2	1	1	2	3	2	3	1	5
1009	3	5	3	1	1	5	4	3	3	3	2	5	5	3	1	1	5	1	5	4	1	4	2	4	1	3	5	5	5	5	1	4
1010	2	3	1	2	2	4	2	1	5	3	1	5	4	5	1	3	1	1	4	2	1	2	5	4	5	3	3	3	1	5	2	5
