"id"	"Music"	"Slow.songs.or.fast.songs"	"Dance"	"Folk"	"Country"	"Classical.music"	"Musical"	"Pop"	"Rock"	"Metal.or.Hardrock"	"Punk"	"Hiphop..Rap"	"Reggae..Ska"	"Swing..Jazz"	"Rock.n.roll"	"Alternative"	"Latino"	"Techno..Trance"	"Opera"	"Movies"	"Horror"	"Thriller"	"Comedy"	"Romantic"	"Sci.fi"	"War"	"Fantasy.Fairy.tales"	"Animated"	"Documentary"	"Western"	"Action"
"1"	5	3	2	1	2	2	1	5	5	1	1	1	1	1	3	1	1	1	1	5	4	2	5	4	4	1	5	5	3	1	2
"2"	4	4	2	1	1	1	2	3	5	4	4	1	3	1	4	4	2	1	1	5	2	2	4	3	4	1	3	5	4	1	4
"3"	5	5	2	2	3	4	5	3	5	3	4	1	4	3	5	5	5	1	3	5	3	4	4	2	4	2	5	5	2	2	1
"4"	5	3	2	1	1	1	1	2	2	1	4	2	2	1	2	5	1	2	1	5	4	4	3	3	4	3	1	2	5	1	2
"5"	5	3	4	3	2	4	3	5	3	1	2	5	3	2	1	2	4	2	2	5	4	4	5	2	3	3	4	4	3	1	4
"6"	5	3	2	3	2	3	3	2	5	5	3	4	3	4	4	5	3	1	3	5	5	5	5	2	3	3	4	3	3	2	4
"7"	5	5	5	3	1	2	2	5	3	1	1	3	1	1	2	3	3	5	2	4	2	1	5	3	1	3	5	5	3	1	2
"8"	5	3	3	2	1	2	2	4	5	1	2	3	2	2	3	1	2	3	2	5	4	4	5	2	3	3	4	4	3	1	3
"9"	5	3	3	1	1	2	4	3	5	5	1	1	2	2	2	3	1	1	1	5	1	5	5	4	4	5	4	4	5	1	1
"10"	5	3	2	5	2	2	5	3	5	2	3	2	4	4	4	4	5	1	2	5	2	1	5	5	1	3	4	4	4	1	2
"11"	5	3	3	2	1	2	3	4	3	2	1	3	2	2	3	3	3	4	2	5	5	4	5	3	3	2	5	5	3	1	3
"12"	5	3	1	1	1	4	1	2	5	1	1	1	1	2	2	5	2	1	2	5	3	4	4	3	2	5	5	5	5	1	4
"13"	5	3	1	2	1	4	3	3	5	4	2	3	1	1	4	3	2	1	2	5	1	5	4	3	1	4	5	3	3	1	1
"14"	5	3	5	3	2	1	5	5	2	1	1	2	1	3	2	1	3	1	1	5	3	2	5	5	2	1	5	4	2	1	3
"15"	5	3	2	1	1	2	3	4	5	2	5	3	4	4	4	4	1	1	1	4	1	3	5	4	1	1	5	5	3	1	4
"16"	1	3	2	2	3	4	3	3	5	5	5	2	4	2	3	3	2	1	2	5	5	5	5	3	3	5	4	4	5	2	4
"17"	5	3	3	1	1	1	2	4	4	1	3	2	3	2	3	1	1	4	1	5	3	3	5	3	2	2	2	2	4	1	2
"18"	5	3	3	3	3	2	2	4	4	2	3	3	4	3	3	1	2	1	3	5	4	2	5	5	5	2	4	4	5	1	3
"19"	5	3	5	4	3	4	5	5	4	4	3	4	4	4	4	4	4	4	3	5	2	4	5	4	5	5	4	4	5	5	5
"20"	5	4	3	3	2	4	2	2	4	5	2	1	4	5	4	3	4	3	2	3	1	4	4	2	3	5	4	4	5	2	5
"21"	5	3	3	2	3	4	3	2	5	5	4	4	3	5	4	5	3	3	4	5	5	5	5	3	3	4	3	3	3	2	4
"22"	5	5	1	1	3	2	2	2	5	5	4	1	2	1	4	3	2	1	2	5	5	5	5	2	5	3	3	4	5	2	5
"23"	5	3	3	2	3	3	3	4	4	1	2	2	1	1	3	2	3	3	2	5	2	3	5	4	4	2	4	5	5	3	3
"24"	5	3	4	2	2	2	4	4	5	2	3	3	3	3	3	1	4	1	1	5	2	4	5	5	4	3	5	5	3	2	2
"25"	5	2	3	1	1	4	3	3	5	5	5	1	1	1	2	3	2	3	4	5	4	2	5	5	2	2	2	2	3	1	4
"26"	5	3	4	2	1	2	3	5	1	1	1	3	1	2	1	1	4	2	1	5	1	2	5	5	1	1	4	3	3	1	1
"27"	5	5	5	5	4	5	3	4	4	3	2	2	1	3	5	3	5	2	2	5	3	2	5	4	2	5	5	5	5	2	1
"28"	4	5	3	4	1	3	2	2	4	2	4	2	4	2	3	4	3	4	2	5	2	4	3	4	5	3	2	4	5	2	5
"29"	5	3	5	1	1	1	1	3	4	1	3	5	2	1	4	3	2	3	1	5	3	3	5	3	1	5	4	4	3	4	4
"30"	5	4	3	4	2	3	3	3	4	1	3	3	4	3	4	3	4	3	2	5	3	2	5	5	2	4	5	5	4	2	2
"31"	4	3	4	3	3	3	3	4	4	2	2	4	3	4	3	3	3	3	3	5	2	5	4	3	4	4	3	3	4	3	5
"32"	4	3	4	1	3	2	3	5	3	1	1	3	3	2	1	1	5	1	2	4	1	1	5	5	2	2	5	5	4	1	1
"33"	5	5	3	1	3	2	3	3	4	3	4	4	2	2	4	4	2	3	1	5	5	5	5	5	2	3	5	5	3	2	4
"34"	5	4	2	2	3	4	5	4	3	1	1	1	3	4	4	3	2	1	5	4	3	4	4	3	1	3	5	4	5	2	3
"35"	5	4	3	2	1	3	4	4	5	3	4	2	3	3	4	4	2	1	1	5	2	3	5	4	4	2	2	5	3	1	5
"36"	5	3	3	3	1	4	5	5	3	1	1	4	3	1	3	3	5	1	1	5	1	2	5	5	3	4	1	1	1	1	5
"37"	5	3	1	3	2	3	4	4	4	1	1	1	1	1	1	1	1	1	4	5	3	5	4	4	4	4	5	5	3	1	5
"38"	5	5	1	1	1	5	1	2	3	5	2	1	2	2	2	1	1	1	1	4	3	2	5	2	3	4	2	2	4	3	4
"39"	5	5	5	3	1	5	2	5	4	1	2	4	5	2	2	1	3	4	4	5	1	4	5	5	3	3	5	5	5	2	5
"40"	5	3	3	3	2	2	3	5	5	4	4	1	2	1	5	2	1	2	2	4	5	5	5	5	3	4	5	5	4	2	3
"41"	4	3	4	1	1	1	1	5	1	1	1	3	2	1	1	1	2	3	1	5	1	5	5	3	2	1	2	2	4	1	5
"42"	5	4	5	5	5	5	1	1	4	5	1	5	5	5	5	5	5	5	1	3	1	5	5	1	5	5	1	1	5	5	5
"43"	5	5	2	2	2	3	4	5	5	4	4	3	3	3	3	4	3	3	1	5	4	4	5	5	5	3	5	5	4	3	5
"44"	5	4	3	1	1	2	2	5	4	1	2	3	2	2	2	4	3	3	1	5	1	1	5	4	3	2	5	5	3	1	4
"45"	4	4	4	2	1	3	3	4	4	1	1	3	1	3	3	4	5	4	3	5	3	4	5	4	3	1	5	4	4	1	3
"46"	5	4	5	2	2	4	3	5	4	1	2	3	3	3	5	1	4	3	4	5	5	4	5	2	4	1	2	1	5	2	2
"47"	5	3	4	3	4	1	5	5	5	3	2	5	2	3	5	4	5	2	2	5	5	5	5	3	5	1	3	2	1	1	5
"48"	5	3	3	1	1	2	3	4	4	2	2	1	3	3	3	4	3	2	3	5	3	3	4	2	2	3	3	5	2	1	5
"49"	5	4	3	1	1	1	4	3	2	1	2	5	5	2	2	2	4	2	1	3	2	2	3	2	2	1	2	2	3	1	2
"50"	5	4	2	1	2	2	2	3	5	3	5	3	2	2	4	2	1	2	1	5	3	4	5	3	3	3	5	3	1	1	4
"51"	4	3	2	4	2	5	5	5	5	2	4	4	4	3	4	4	5	1	2	5	1	5	5	4	2	4	4	4	4	1	5
"52"	5	3	3	3	1	4	3	5	4	3	2	2	4	4	4	3	5	3	2	5	2	4	5	5	4	3	5	5	4	3	5
"53"	5	3	5	5	5	5	5	5	5	4	2	5	5	5	5	2	5	2	5	5	5	5	5	5	5	5	5	5	5	5	5
"54"	5	3	4	4	3	4	5	4	3	2	2	3	3	3	3	3	5	2	5	5	3	3	5	5	1	5	5	3	3	1	5
"55"	5	3	5	5	3	5	5	5	5	4	3	3	3	4	4	3	5	4	5	5	5	5	5	5	5	3	5	5	5	2	5
"56"	5	3	4	2	2	4	3	4	3	3	2	4	3	3	4	4	4	5	3	5	2	4	3	3	2	3	4	4	3	2	3
"57"	5	3	1	2	3	4	3	4	5	1	4	2	3	4	5	5	1	1	4	5	4	2	5	5	3	2	4	4	3	3	3
"58"	5	3	3	3	2	3	2	2	5	2	2	2	2	4	5	5	1	1	2	5	4	4	5	3	5	3	5	5	5	2	4
"59"	5	5	5	3	2	3	2	5	1	1	1	2	2	1	2	2	3	3	1	5	2	4	5	1	3	2	3	3	5	1	4
"60"	5	4	2	1	2	3	1	3	4	3	5	3	3	4	5	5	1	4	3	5	5	3	3	3	4	3	3	2	3	1	3
"61"	5	2	2	2	2	4	4	4	4	1	3	2	3	3	4	4	2	1	3	5	1	4	4	4	4	5	3	2	4	3	4
"62"	5	3	5	1	2	4	3	4	4	1	2	3	2	3	3	3	4	4	3	5	3	4	5	5	5	3	4	4	2	2	4
"63"	5	3	5	4	5	4	4	5	4	5	4	5	4	5	5	5	4	5	5	5	4	5	5	1	5	5	5	5	5	1	5
"64"	5	4	3	1	3	2	1	2	3	1	2	5	4	3	3	1	3	5	1	5	4	5	3	2	4	5	3	3	4	3	4
"65"	5	3	3	1	1	1	4	4	5	1	3	2	1	2	2	1	3	2	2	5	2	1	5	5	1	3	5	5	2	1	2
"66"	4	3	3	1	2	2	1	3	3	3	2	4	2	2	2	1	2	4	2	5	5	5	5	3	5	5	4	4	3	2	5
"67"	4	3	4	2	2	2	4	5	3	4	3	3	3	3	2	2	4	5	1	4	3	4	5	3	5	5	5	5	4	3	3
"68"	3	4	4	3	2	2	4	5	1	1	1	4	3	4	4	1	5	1	1	5	3	3	5	5	1	2	4	1	2	1	3
"69"	5	5	3	2	1	2	4	3	5	5	5	1	5	4	4	3	2	4	2	5	1	2	5	4	4	2	5	5	2	1	3
"70"	5	4	1	1	1	1	4	5	4	1	1	1	1	1	2	1	4	1	2	5	1	1	5	5	1	1	3	5	1	1	1
"71"	5	3	5	2	2	2	3	5	3	1	1	5	2	3	1	1	2	3	1	5	1	3	5	3	3	3	2	3	2	1	1
"72"	4	3	2	3	1	4	1	4	1	1	1	4	4	1	2	3	1	3	1	4	2	3	5	3	1	3	3	4	3	1	5
"73"	5	3	2	2	2	2	5	5	5	2	4	4	2	2	3	3	5	1	1	5	4	5	5	5	3	3	5	5	4	2	5
"74"	5	3	3	2	2	2	1	5	2	1	2	5	2	2	2	2	4	3	1	5	4	4	5	4	3	5	5	5	3	3	5
"75"	5	3	2	1	4	5	3	2	1	1	1	5	4	1	1	1	1	2	4	5	1	1	5	1	4	5	3	1	4	5	5
"76"	5	3	3	4	4	3	1	1	5	4	4	3	5	4	5	4	4	1	2	4	2	3	5	2	1	4	1	2	4	4	4
"77"	4	4	4	1	1	2	2	2	2	1	2	4	1	1	2	1	1	1	1	4	2	2	5	3	3	3	1	2	3	2	4
"78"	5	3	5	1	2	2	2	5	4	2	1	4	2	2	2	2	5	5	1	5	1	2	5	3	1	1	5	5	5	2	4
"79"	4	4	4	2	4	1	5	5	3	1	1	4	5	5	5	3	5	4	2	5	3	3	5	4	2	3	5	5	5	3	3
"80"	5	3	4	4	4	3	4	5	5	2	2	5	3	3	3	3	4	4	4	5	4	4	5	4	5	5	5	5	5	3	4
"81"	5	3	4	2	2	2	3	4	5	2	3	4	4	3	4	2	5	3	2	5	5	4	5	4	3	4	5	5	4	2	3
"82"	5	4	4	1	2	3	3	5	4	2	3	4	4	3	4	3	5	3	3	5	4	3	5	3	5	3	5	4	4	3	5
"83"	5	5	1	3	1	3	2	1	5	5	4	1	1	2	2	5	1	1	3	5	1	2	3	2	4	3	5	5	5	3	4
"84"	5	3	5	1	2	4	4	5	5	3	1	3	2	4	3	1	5	5	3	5	3	5	5	5	1	1	5	5	5	1	5
"85"	5	3	1	1	4	5	5	1	5	5	5	4	4	5	5	4	3	1	5	5	5	5	4	1	5	5	3	5	5	5	5
"86"	5	2	3	3	5	5	3	3	4	4	1	1	1	2	3	3	2	4	3	5	3	3	5	4	3	5	5	5	3	3	3
"87"	4	3	4	3	3	3	2	4	5	3	3	4	3	3	3	3	2	3	3	5	2	4	4	1	4	4	3	4	4	3	5
"88"	5	4	4	1	2	2	4	4	5	2	4	3	5	3	4	4	5	2	1	5	1	5	5	4	1	5	3	2	4	2	3
"89"	5	5	5	1	1	5	2	5	5	1	1	1	1	5	5	4	5	5	1	5	5	5	5	2	2	1	3	3	4	1	5
"90"	5	3	3	2	1	4	3	3	5	3	3	1	2	4	4	4	2	1	3	5	1	4	4	3	2	3	3	3	3	3	3
"91"	4	2	3	2	1	3	4	3	4	1	3	1	3	1	2	3	1	1	1	4	2	2	5	4	2	2	5	5	3	1	5
"92"	5	5	1	5	1	3	5	3	5	5	5	1	5	1	3	1	1	1	1	5	4	4	5	5	3	1	5	5	1	1	3
"93"	5	2	1	3	4	4	4	2	3	1	2	1	3	5	4	3	3	1	4	5	1	3	3	4	3	2	4	4	5	3	3
"94"	5	4	1	5	5	4	4	4	3	3	3	1	1	5	4	1	1	1	4	4	4	3	3	1	4	3	3	4	3	3	1
"95"	5	5	5	1	1	1	2	4	3	1	3	5	2	1	3	3	1	4	1	5	5	5	5	1	4	2	2	3	3	1	5
"96"	5	3	3	2	2	4	3	3	3	1	2	5	5	4	4	2	3	2	2	5	3	3	5	3	5	5	4	4	3	1	5
"97"	5	3	1	1	1	1	1	2	4	5	4	3	1	1	1	4	1	4	1	2	1	1	5	1	5	5	5	5	1	1	2
"98"	5	3	2	1	1	1	1	2	1	1	1	5	2	2	1	1	1	2	1	5	2	3	5	3	5	5	3	5	5	3	5
"99"	3	5	5	1	1	1	1	3	5	2	1	1	3	2	2	5	5	3	1	3	3	3	2	2	5	5	1	3	5	3	5
"100"	5	3	4	1	1	2	2	4	2	1	3	2	4	1	2	1	4	1	1	3	2	1	5	4	2	1	4	3	5	1	3
"101"	5	4	4	3	2	4	5	4	5	3	2	4	4	3	3	2	3	2	2	5	2	2	5	5	3	2	5	5	3	2	3
"102"	5	3	1	3	2	3	1	2	4	5	4	1	4	3	3	3	1	1	2	4	1	4	5	3	4	5	4	5	5	4	5
"103"	5	3	1	2	3	5	4	1	5	2	5	1	4	5	5	5	2	1	4	5	4	5	5	4	5	4	5	5	5	2	5
"104"	5	5	5	2	2	3	4	5	1	1	1	5	5	4	3	2	5	4	4	5	1	5	5	5	4	4	2	5	5	4	4
"105"	4	4	3	3	2	4	2	2	4	4	3	3	3	4	4	4	3	3	2	4	4	4	4	2	3	5	4	4	5	3	4
"106"	5	5	1	3	1	3	2	2	4	5	1	1	2	3	1	1	1	1	2	4	1	2	4	3	1	4	4	5	5	3	3
"107"	5	3	4	4	5	5	3	4	5	1	2	4	4	4	5	3	5	3	4	5	2	3	5	5	5	5	5	5	4	3	4
"108"	5	3	1	1	1	2	2	2	4	4	1	1	3	4	2	4	2	1	2	3	1	1	4	2	2	3	3	3	2	1	1
"109"	4	3	2	2	1	4	1	2	4	4	3	2	1	1	2	3	2	2	3	5	3	5	5	4	3	2	4	4	3	1	5
"110"	5	2	2	2	4	4	2	3	5	5	3	2	2	2	3	1	3	1	4	5	1	4	4	2	5	5	3	3	4	3	5
"111"	5	4	4	5	2	3	1	4	4	1	1	1	4	5	4	4	4	4	1	4	1	2	5	3	4	5	4	3	4	5	4
"112"	5	3	4	3	2	5	3	3	4	2	2	3	3	4	4	5	2	4	4	4	1	2	4	4	2	2	5	4	4	2	4
"113"	5	3	4	2	2	4	3	3	3	2	2	1	3	4	2	3	5	4	1	5	1	3	4	4	3	1	4	4	4	1	2
"114"	3	4	4	2	3	1	2	4	4	2	1	3	1	1	2	2	2	5	1	4	3	3	5	5	1	1	5	5	5	2	3
"115"	5	3	2	1	1	3	4	4	4	1	3	2	2	2	3	3	1	1	4	5	1	4	4	3	2	2	5	5	3	2	4
"116"	5	4	5	2	2	5	4	5	5	2	2	3	3	3	2	3	5	3	2	5	5	5	5	3	3	3	3	5	3	1	5
"117"	5	3	2	2	2	2	1	3	5	1	2	1	1	2	4	5	2	1	1	4	1	2	5	5	3	3	5	5	3	1	2
"118"	5	3	2	2	1	1	3	5	3	2	1	1	1	1	2	1	4	1	1	4	1	2	4	5	2	2	4	2	4	1	4
"119"	5	3	1	2	2	4	1	3	4	2	4	2	4	4	4	4	2	1	1	5	3	2	3	2	2	3	2	2	3	3	2
"120"	4	2	4	2	1	3	2	4	2	2	1	2	2	2	2	1	2	3	2	3	2	3	4	3	1	2	3	3	2	1	2
"121"	5	5	4	1	2	4	4	2	5	5	2	1	3	5	5	3	4	3	2	3	1	3	5	4	2	5	4	4	5	3	5
"122"	4	3	2	3	4	2	1	4	4	2	2	4	2	2	4	1	1	3	1	4	4	4	4	3	3	4	3	4	1	3	4
"123"	5	3	3	2	2	5	3	1	5	2	4	1	3	4	4	5	3	1	3	4	4	4	3	2	2	2	4	4	5	2	5
"124"	5	3	3	3	3	3	4	3	5	3	1	3	1	5	5	3	3	1	3	3	1	4	4	2	1	1	2	4	5	1	4
"125"	4	4	1	4	2	5	5	3	5	3	3	1	2	4	5	2	3	1	3	4	5	5	5	4	5	5	5	5	5	5	4
"126"	5	3	3	3	2	3	2	2	4	3	3	2	4	5	3	4	3	2	2	5	2	3	5	4	4	3	4	4	3	2	2
"127"	3	5	4	1	1	3	1	4	4	1	4	4	1	1	1	2	1	1	1	3	1	2	4	4	1	1	5	5	3	1	4
"128"	4	3	3	3	4	4	3	4	4	3	3	3	4	3	4	4	2	3	3	5	2	4	4	3	4	4	3	3	4	2	4
"129"	5	5	5	1	5	5	5	5	5	5	1	2	3	1	5	5	5	5	2	5	1	4	3	5	5	5	2	5	2	1	1
"130"	5	4	5	3	1	2	2	4	5	2	2	2	3	4	3	4	3	1	1	5	1	1	4	5	2	2	5	5	5	2	2
"131"	4	2	2	1	1	4	2	2	5	3	3	1	2	2	3	1	3	3	2	5	4	5	4	2	3	4	2	3	4	1	2
"132"	5	4	3	1	1	2	2	4	2	1	2	5	2	1	1	1	1	3	1	5	3	5	2	1	4	3	3	3	3	4	5
"133"	5	4	3	1	1	1	1	4	4	1	5	2	4	3	2	2	2	1	1	5	4	4	5	5	5	4	2	5	4	1	3
"134"	5	3	2	4	1	4	2	1	3	1	1	1	2	5	1	1	3	1	3	5	1	1	2	2	1	4	5	4	5	1	4
"135"	5	3	4	3	3	3	3	3	3	1	1	4	4	4	4	4	4	4	2	5	5	3	5	5	5	3	5	5	5	3	4
"136"	5	3	2	1	3	5	1	3	5	4	4	3	5	4	4	5	1	1	3	4	3	5	5	2	4	5	3	3	5	2	4
"137"	5	3	4	3	2	3	2	4	3	1	1	5	1	1	1	1	1	1	3	5	4	4	5	4	3	5	2	2	4	3	4
"138"	5	3	4	3	3	5	5	5	4	2	2	4	3	5	4	3	4	2	2	2	1	3	4	3	1	2	4	5	3	1	3
"139"	5	3	2	3	3	4	5	2	1	1	1	3	3	4	4	2	3	1	2	5	1	2	5	5	1	3	5	4	4	3	2
"140"	5	4	5	3	2	3	3	5	4	1	2	5	3	4	4	1	2	3	2	5	3	3	5	5	2	1	3	4	1	2	3
"141"	5	4	3	2	1	2	3	4	4	2	2	2	2	5	3	2	4	3	2	5	1	4	5	5	5	5	5	5	5	4	5
"142"	3	4	1	3	1	3	1	3	5	5	4	4	3	1	1	5	5	2	1	3	3	1	5	5	1	1	5	5	5	1	1
"143"	5	4	4	1	3	2	2	4	4	1	1	3	2	1	1	2	3	2	1	4	1	2	4	4	4	1	3	4	1	1	2
"144"	5	4	4	2	1	1	2	4	4	2	3	5	4	1	1	3	3	3	1	5	4	2	4	3	3	1	4	5	4	1	2
"145"	5	2	3	1	2	3	2	4	5	1	3	2	2	2	4	3	4	4	2	5	5	2	5	3	5	5	3	4	5	1	4
"146"	1	4	4	1	1	2	2	2	4	1	1	1	2	1	1	3	2	3	2	4	2	4	4	4	1	2	2	2	4	1	1
"147"	5	3	5	2	1	4	1	5	4	3	4	5	1	1	1	1	2	2	1	5	3	5	5	4	3	4	2	2	5	2	5
"148"	5	4	3	2	3	2	2	3	5	4	3	5	2	2	2	4	2	1	1	5	2	3	3	3	4	3	4	2	4	2	4
"149"	4	3	4	4	4	3	3	5	3	2	3	4	3	2	4	3	3	3	2	4	4	4	5	5	4	3	3	3	4	3	4
"150"	2	3	1	3	1	3	4	1	2	2	2	3	2	1	1	1	1	1	2	3	2	2	4	2	5	5	4	4	4	2	2
"151"	5	2	2	2	3	4	4	3	5	5	3	1	2	4	4	3	1	1	4	5	2	4	4	3	4	2	2	2	3	1	4
"152"	5	4	3	1	1	3	2	2	4	4	4	2	5	4	4	4	2	2	1	5	4	4	5	2	2	2	3	3	2	1	4
"153"	5	3	5	2	2	3	3	4	4	2	1	4	3	3	4	3	2	2	2	5	5	3	5	3	2	5	2	3	5	2	4
"154"	2	5	5	2	2	3	2	4	2	1	2	4	1	4	2	1	3	3	3	3	2	4	5	4	3	3	3	5	4	2	4
"155"	5	3	1	2	4	5	1	1	5	4	4	2	2	3	3	3	2	1	3	4	4	4	5	3	2	5	1	1	5	3	4
"156"	5	4	4	3	3	5	2	3	3	2	3	3	2	4	3	4	2	2	3	4	5	4	3	3	4	2	3	4	3	1	2
"157"	5	4	2	4	3	4	2	3	5	2	5	3	5	2	3	3	2	1	2	5	4	4	4	4	3	3	3	2	3	2	4
"158"	5	5	4	4	4	2	2	4	4	4	4	2	2	2	1	2	1	1	2	5	5	5	3	2	4	5	3	3	3	4	4
"159"	5	3	4	2	1	3	2	5	4	1	3	4	5	4	3	3	2	5	1	5	4	4	5	5	4	1	5	5	2	1	4
"160"	5	3	4	4	3	5	4	4	5	3	3	3	4	3	3	4	3	3	3	5	2	4	4	3	4	4	4	4	3	3	4
"161"	5	3	3	2	1	2	1	1	5	4	5	3	5	4	4	5	1	3	1	5	5	4	5	3	5	5	4	4	4	1	3
"162"	5	3	2	2	2	2	2	4	5	3	3	4	3	2	3	2	2	3	2	5	2	5	5	3	5	2	4	4	3	1	5
"163"	4	2	3	5	4	5	2	4	3	1	1	5	4	3	2	1	5	1	3	4	2	2	5	5	3	5	2	1	5	3	2
"164"	5	5	3	1	1	2	1	4	3	2	1	1	1	1	1	3	1	5	1	4	5	5	3	3	5	3	2	2	4	1	3
"165"	5	4	4	2	1	3	2	4	4	1	3	2	2	4	4	5	2	3	2	5	2	5	3	3	2	1	3	4	3	1	2
"166"	5	4	5	2	4	3	1	4	1	1	1	5	3	3	2	1	5	2	1	5	1	1	5	5	2	5	3	2	4	1	3
"167"	5	5	1	2	1	3	1	1	3	5	2	1	1	1	1	2	2	1	5	4	4	4	5	3	3	2	3	4	3	1	4
"168"	3	3	3	2	2	3	2	3	4	3	4	4	4	3	3	3	3	3	2	3	1	2	5	2	3	1	1	2	5	2	2
"169"	5	4	4	1	2	4	3	4	4	1	3	3	3	3	4	2	1	1	1	5	5	5	5	3	3	3	4	4	4	3	4
"170"	5	3	2	1	2	4	4	3	5	4	3	1	1	3	3	4	1	1	1	5	3	2	2	1	2	4	3	5	3	2	3
"171"	4	3	2	3	2	2	1	3	4	2	2	2	3	5	4	5	4	1	1	3	1	2	5	2	3	5	4	5	4	1	3
"172"	5	4	3	1	2	4	3	4	4	1	1	4	3	3	3	2	1	1	1	5	5	5	5	3	3	4	3	4	3	2	4
"173"	5	3	2	3	3	4	4	2	5	5	5	2	4	4	4	4	2	1	3	3	3	3	4	2	5	4	3	4	5	3	3
"174"	5	3	2	1	2	4	4	3	2	1	1	2	1	2	3	2	1	5	4	5	4	3	5	4	5	3	3	4	5	3	4
"175"	5	2	1	5	3	3	3	1	1	1	1	1	1	1	1	1	3	1	5	5	1	5	5	5	5	5	5	1	5	3	5
"176"	5	3	1	1	1	5	3	3	5	5	2	3	4	4	4	2	4	2	1	4	2	4	5	5	1	1	4	5	2	1	2
"177"	5	3	3	2	1	1	1	3	5	5	3	2	4	3	5	4	1	2	1	5	3	2	4	3	4	3	3	4	3	2	4
"178"	5	3	1	4	2	4	3	1	5	5	3	1	3	3	3	5	2	1	3	5	3	4	5	5	4	3	4	4	5	3	4
"179"	4	3	1	3	3	5	2	2	4	4	3	1	2	2	4	3	2	1	4	3	3	3	3	2	2	2	5	5	4	3	3
"180"	4	3	1	2	2	5	2	1	1	2	1	1	1	4	1	1	1	4	5	4	4	4	4	2	4	5	4	5	5	2	4
"181"	4	4	2	1	1	3	3	2	5	4	5	2	2	1	4	4	1	1	1	4	5	5	5	1	5	1	1	1	4	1	3
"182"	5	3	4	3	3	4	3	3	4	3	3	4	4	5	3	3	5	3	3	4	2	3	4	2	2	3	3	3	3	3	3
"183"	5	3	4	3	2	4	4	4	5	4	3	2	4	3	2	3	4	1	5	5	1	4	5	4	3	1	5	5	4	2	4
"184"	5	3	3	2	1	2	5	4	3	1	1	5	4	4	3	4	3	4	3	5	3	4	4	2	2	5	4	3	5	3	5
"185"	5	4	2	2	2	3	4	2	5	1	2	1	1	4	5	5	1	1	2	5	3	3	5	2	3	1	3	3	3	2	1
"186"	3	3	3	1	1	2	5	3	2	1	1	4	3	3	4	1	5	3	1	5	1	2	5	5	3	3	5	5	3	2	3
"187"	4	2	2	4	2	3	3	4	2	1	1	1	1	3	2	2	3	2	4	4	1	2	5	5	2	2	4	1	5	2	2
"188"	5	3	1	2	2	2	1	4	3	2	2	1	1	2	1	5	1	5	1	4	2	4	4	1	2	2	2	2	2	1	3
"189"	3	3	3	3	2	5	4	3	3	1	1	3	2	2	2	2	2	1	4	2	2	2	2	2	2	5	5	5	5	3	3
"190"	5	3	1	3	2	5	3	1	4	5	4	1	1	1	3	2	1	1	4	5	5	5	4	4	4	5	3	3	4	5	4
"191"	4	4	2	2	2	4	2	2	4	5	3	2	3	2	3	3	2	2	3	4	3	5	4	4	3	3	4	4	4	2	2
"192"	5	3	2	5	2	4	5	5	2	1	1	1	3	4	3	4	3	1	4	4	1	2	4	5	1	1	5	5	4	1	1
"193"	5	1	4	1	2	3	3	5	4	1	3	5	2	1	3	2	3	4	1	5	3	3	5	4	3	2	5	5	4	1	2
"194"	5	3	1	4	3	5	3	1	5	5	4	1	3	3	5	5	1	1	3	5	3	4	5	5	4	3	3	4	5	1	4
"195"	5	4	1	2	1	3	2	2	4	2	4	2	3	1	5	5	1	1	1	5	3	5	4	2	4	4	3	3	2	2	3
"196"	5	3	2	2	2	3	2	2	3	1	1	5	3	3	3	3	2	1	2	4	5	5	5	4	3	3	3	2	3	2	4
"197"	5	3	2	2	2	2	3	4	4	3	3	4	4	3	3	3	3	3	3	5	1	2	5	5	4	3	5	5	4	3	3
"198"	5	3	3	2	3	1	4	2	2	1	1	3	2	2	1	1	3	1	1	5	4	4	5	5	1	3	3	2	1	1	1
"199"	5	3	3	4	2	2	2	3	5	3	5	5	4	2	5	2	2	2	2	3	5	3	3	2	3	5	5	5	3	2	3
"200"	5	4	4	1	1	1	1	2	3	1	1	4	2	1	1	1	2	4	1	4	1	4	5	2	3	3	3	3	4	2	4
"201"	4	3	3	1	2	4	3	4	4	4	3	5	4	3	4	2	2	2	1	5	4	4	5	5	5	5	4	4	5	4	3
"202"	5	3	2	4	3	3	3	5	5	2	3	5	5	1	5	5	3	2	1	5	3	3	5	5	4	4	5	4	5	2	5
"203"	5	3	5	1	1	1	1	3	2	1	1	5	3	1	1	1	1	4	1	5	5	3	5	2	5	5	4	4	2	3	5
"204"	5	3	4	2	2	3	1	4	5	3	3	3	3	2	2	2	4	3	3	5	3	3	5	5	3	3	5	5	2	2	4
"205"	5	3	3	3	2	3	3	2	5	4	4	2	5	4	5	4	3	1	2	5	1	2	4	2	5	1	4	5	4	2	3
"206"	5	1	2	4	3	5	5	4	4	3	1	1	1	4	5	3	4	1	5	5	1	1	4	4	3	3	5	4	5	2	1
"207"	5	3	5	2	2	5	5	3	4	4	3	1	2	4	4	3	1	1	5	5	5	4	4	1	4	4	2	2	4	4	5
"208"	5	3	2	3	3	4	5	3	3	1	4	2	2	3	4	2	4	1	4	5	5	5	5	5	5	5	5	5	5	1	4
"209"	5	3	3	2	1	3	2	4	4	1	5	4	5	5	5	3	3	1	2	3	3	4	4	2	3	5	5	3	4	1	3
"210"	5	2	4	3	3	4	3	2	5	4	3	5	4	5	4	2	4	2	2	5	1	4	5	3	3	5	3	4	4	3	4
"211"	5	4	5	5	5	5	1	4	5	4	3	4	4	4	5	3	4	5	1	5	5	5	5	5	5	5	5	5	5	5	5
"212"	5	4	5	1	2	2	5	5	5	1	1	5	4	4	5	2	5	4	1	5	2	5	5	5	3	3	5	1	3	2	5
"213"	5	3	1	3	3	5	1	2	4	2	3	3	2	4	5	5	1	2	5	5	5	5	5	3	5	5	5	5	5	3	5
"214"	5	4	4	2	3	3	4	5	5	2	5	4	2	2	2	4	3	5	2	5	1	3	5	4	3	3	5	5	4	2	5
"215"	4	3	2	2	2	3	3	3	5	4	3	2	2	5	5	4	3	1	2	5	1	3	5	2	3	2	4	4	5	3	4
"216"	1	3	2	2	1	1	1	3	1	1	1	5	1	1	1	1	5	1	1	4	5	1	5	3	1	5	1	1	3	4	5
"217"	5	4	1	1	1	1	1	1	4	5	3	2	1	1	3	1	1	2	1	4	4	2	3	1	1	4	1	1	3	1	2
"218"	5	3	4	1	3	2	5	4	3	1	2	3	1	2	4	4	3	2	3	5	1	3	5	5	3	2	5	5	4	2	4
"219"	5	4	2	1	3	2	3	4	3	1	1	4	3	1	2	2	1	3	2	5	3	2	5	3	5	5	3	4	5	1	5
"220"	5	5	5	1	1	1	2	3	1	1	1	5	2	1	1	1	2	5	1	5	5	5	5	1	3	5	3	3	5	3	5
"221"	5	3	4	3	3	4	2	1	3	1	2	5	4	4	2	5	3	1	3	5	3	3	5	3	2	3	4	5	4	3	4
"222"	5	3	4	5	1	4	3	3	5	5	4	5	5	5	4	4	3	4	3	5	4	5	5	3	4	3	4	5	4	3	2
"223"	5	3	3	2	4	4	3	5	5	3	3	2	1	4	3	3	3	1	1	5	1	3	5	5	3	3	5	5	3	3	3
"224"	5	3	3	3	2	3	1	4	2	2	1	4	3	4	2	2	5	2	2	5	1	2	5	3	2	2	4	5	4	1	4
"225"	5	3	2	2	3	5	4	4	5	3	4	3	3	2	3	5	2	1	2	5	4	3	4	3	4	5	2	4	3	1	5
"226"	5	4	2	3	2	4	4	2	5	2	4	3	4	4	5	5	3	2	2	5	3	3	4	2	5	5	2	4	5	3	5
"227"	5	5	5	5	4	3	3	4	5	3	3	5	3	2	3	1	3	3	1	5	3	3	5	1	3	1	5	5	3	1	5
"228"	5	2	2	4	3	5	3	2	4	3	3	2	3	5	3	4	4	1	3	5	2	4	3	3	2	4	4	5	5	2	4
"229"	4	3	3	5	3	4	2	3	3	1	2	1	2	5	4	4	3	2	3	5	1	2	3	2	5	5	3	3	4	3	3
"230"	4	3	4	2	4	1	1	4	3	1	4	2	5	3	3	2	2	3	3	3	1	3	4	1	2	2	3	2	3	3	5
"231"	5	2	2	5	4	5	5	5	3	1	3	4	3	3	3	3	5	2	3	4	1	3	4	4	4	4	4	4	4	2	4
"232"	5	1	3	2	3	2	2	4	5	3	3	1	2	3	5	1	5	1	1	5	4	4	5	5	2	1	4	3	3	1	3
"233"	5	3	1	2	4	4	1	2	3	2	2	3	4	5	3	1	4	3	1	5	4	5	5	5	5	5	2	3	3	2	5
"234"	4	4	4	2	2	4	3	4	4	4	4	4	4	2	4	3	4	4	1	5	5	5	5	5	4	3	4	4	3	2	3
"235"	4	4	4	4	3	2	1	4	5	4	4	2	4	1	3	4	5	1	1	3	1	1	5	5	2	2	5	5	4	2	3
"236"	5	3	1	1	1	3	3	3	5	4	2	1	1	3	4	2	4	1	2	5	1	2	5	3	1	4	5	5	3	2	3
"237"	1	3	3	3	2	3	5	4	4	3	3	2	4	3	4	2	4	1	1	5	2	3	5	3	3	5	5	5	5	2	5
"238"	5	4	4	2	1	3	3	4	3	1	1	5	4	3	2	2	5	3	2	4	3	2	5	5	2	3	5	5	4	2	3
"239"	5	2	2	1	2	2	3	4	2	1	1	5	3	2	3	2	4	1	1	5	5	4	5	5	3	4	5	5	3	2	3
"240"	5	3	4	2	1	5	2	2	4	1	3	3	3	4	4	4	2	2	4	5	1	3	5	3	3	3	4	4	2	1	4
"241"	3	4	2	1	1	1	1	2	3	2	1	2	2	2	2	2	1	2	1	3	3	3	5	3	3	4	5	5	4	3	4
"242"	5	4	2	1	1	3	5	3	3	1	2	5	3	3	3	3	2	1	4	5	3	3	4	4	4	5	4	3	3	2	4
"243"	3	3	3	2	1	2	5	5	4	1	1	1	1	2	2	1	4	1	3	5	1	5	5	4	4	2	3	2	2	1	3
"244"	5	3	2	1	2	4	5	5	5	1	4	1	2	4	5	4	3	1	2	5	2	4	2	2	4	4	4	3	4	2	2
"245"	5	3	5	2	4	3	5	5	5	2	3	2	3	3	4	3	5	2	1	5	5	5	5	4	2	1	5	5	2	1	4
"246"	5	3	2	3	3	2	2	3	4	3	4	4	5	4	5	5	3	1	1	5	5	4	5	3	2	1	5	5	3	2	5
"247"	5	3	3	2	3	4	1	4	5	2	2	3	4	4	4	1	5	1	4	5	4	4	5	4	5	5	5	2	5	5	5
"248"	5	3	3	2	1	4	5	3	5	2	3	3	4	5	3	5	4	2	1	5	1	1	5	5	2	3	4	5	5	1	2
"249"	5	3	4	1	1	4	3	4	5	4	3	4	2	2	2	2	2	3	3	5	4	4	5	5	4	3	5	5	3	2	5
"250"	5	3	3	4	4	4	4	5	5	4	4	2	2	4	4	4	5	2	4	5	4	4	5	3	5	3	5	5	5	2	5
"251"	5	3	3	2	1	2	2	4	3	2	2	4	4	2	2	2	4	2	1	5	3	5	5	5	4	2	2	2	2	2	3
"252"	5	5	5	2	2	3	5	5	5	2	4	4	4	3	3	2	4	5	2	5	5	4	5	5	5	3	5	5	5	2	2
"253"	5	2	2	2	3	3	3	4	5	1	2	2	1	3	2	5	4	2	4	5	2	2	5	5	4	4	5	5	4	3	4
"254"	5	3	3	1	2	1	1	3	1	1	1	1	1	1	1	1	1	1	1	3	5	5	5	5	3	1	2	1	2	1	2
"255"	5	3	5	3	2	2	5	5	3	1	1	4	2	1	5	2	5	3	2	5	1	2	5	5	1	5	5	2	3	1	4
"256"	5	3	2	5	4	5	5	3	5	4	3	3	3	4	4	4	5	1	4	5	1	3	4	4	2	1	5	5	5	4	2
"257"	5	3	3	4	2	1	2	5	2	1	1	3	2	1	2	1	5	1	1	3	2	2	5	5	2	2	5	5	2	2	2
"258"	5	3	5	3	2	3	3	4	4	3	1	4	2	3	3	3	2	5	2	5	3	4	5	3	5	5	4	5	5	4	5
"259"	5	4	1	2	1	5	1	1	5	5	2	1	1	4	3	5	2	1	1	5	4	5	5	2	5	3	5	5	3	1	2
"260"	2	3	3	3	3	2	2	3	4	2	2	2	1	3	5	2	5	1	5	3	1	1	5	1	1	4	3	1	5	1	1
"261"	3	3	3	3	3	3	3	3	3	3	3	3	3	3	3	3	3	3	3	3	3	3	3	3	3	3	3	3	3	3	3
"262"	5	3	4	2	3	2	2	5	2	1	2	2	1	1	1	1	3	1	1	5	5	4	5	5	4	1	4	5	3	1	4
"263"	5	4	3	4	2	5	4	2	5	2	1	3	3	5	3	5	2	3	4	4	1	2	3	3	3	3	4	4	5	3	3
"264"	5	5	5	2	2	2	4	5	4	2	2	4	3	2	4	3	5	3	2	5	4	2	5	4	3	2	4	5	1	1	3
"265"	3	3	3	3	1	3	3	5	4	3	3	5	4	3	3	3	3	3	3	5	5	5	5	4	4	5	3	5	3	2	5
"266"	5	3	3	2	1	2	3	5	2	1	1	4	3	3	2	1	1	1	1	5	3	3	5	5	4	2	2	2	2	1	3
"267"	5	3	3	3	2	3	3	4	4	1	1	2	2	4	3	1	4	1	2	5	2	3	5	5	3	3	4	4	3	2	2
"268"	5	3	4	3	4	4	3	2	4	4	4	3	2	2	3	2	3	2	3	4	2	3	5	4	2	2	5	5	4	4	4
"269"	5	3	3	2	1	2	2	5	2	1	1	2	3	3	3	2	5	1	2	4	1	1	5	5	4	2	5	5	5	2	3
"270"	5	3	3	1	2	4	4	3	5	3	4	1	1	1	3	2	4	2	4	5	4	4	4	3	3	4	4	4	4	2	3
"271"	5	3	3	2	1	1	3	4	5	4	5	5	5	5	5	5	3	2	1	5	3	3	5	4	2	2	5	5	5	2	5
"272"	5	3	4	3	1	1	1	4	5	5	5	5	5	4	5	4	2	1	1	5	4	3	4	2	1	5	3	3	4	2	5
"273"	5	3	2	4	3	5	3	2	5	5	5	2	5	4	3	5	2	1	5	5	3	2	5	2	2	4	3	5	5	1	2
"274"	5	3	4	2	2	4	4	4	4	2	4	4	4	5	4	4	4	4	3	5	3	5	4	5	4	5	5	5	4	3	3
"275"	5	4	5	3	3	2	2	4	3	1	1	4	3	2	4	1	3	2	1	4	3	3	5	4	1	2	3	4	5	2	2
"276"	5	3	3	3	4	4	5	3	4	4	3	2	2	4	3	3	5	4	3	5	4	3	5	4	5	3	5	5	4	3	4
"277"	5	4	5	3	5	2	2	5	5	4	3	1	1	1	4	3	3	1	1	5	4	4	5	4	5	4	5	5	3	3	5
"278"	5	3	2	1	3	3	1	4	5	3	1	2	2	3	5	1	2	2	2	5	5	4	5	4	5	5	3	3	4	4	4
"279"	5	4	3	5	2	4	3	3	4	2	3	5	5	2	3	5	4	3	3	5	4	4	5	2	5	3	5	5	5	3	5
"280"	5	3	4	2	2	2	1	4	3	1	3	3	3	1	1	1	2	2	1	4	3	3	5	5	3	2	5	5	5	1	1
"281"	5	3	4	2	1	3	4	2	5	5	3	2	3	2	2	4	5	5	2	4	1	1	5	5	3	1	3	4	3	2	4
"282"	5	3	4	2	3	4	1	2	4	4	5	4	4	5	5	2	5	3	2	4	1	4	5	2	3	3	4	1	5	5	5
"283"	5	3	1	1	2	1	2	3	2	1	1	1	2	1	2	2	3	1	1	3	3	4	5	2	1	1	3	3	1	1	2
"284"	5	3	4	2	3	3	2	4	4	2	4	4	3	5	3	2	3	3	2	5	2	4	4	4	3	4	3	3	5	4	4
"285"	1	2	1	1	1	1	1	1	1	1	1	1	1	1	1	1	1	1	1	5	4	4	4	2	5	5	5	5	4	2	5
"286"	5	4	3	1	1	3	3	5	5	1	1	3	1	2	1	1	1	1	4	5	3	4	5	4	2	2	3	3	2	1	3
"287"	5	3	3	2	2	4	3	4	4	1	3	5	5	3	3	4	4	1	1	5	4	4	5	3	3	4	4	4	4	1	4
"288"	5	3	3	1	1	3	2	4	4	2	4	4	1	3	3	4	2	3	3	5	3	3	4	4	2	3	4	4	3	2	2
"289"	5	3	5	3	2	3	1	2	3	2	1	4	4	2	3	1	4	5	1	4	5	5	5	3	1	5	4	4	5	5	5
"290"	5	3	4	2	2	3	4	4	4	2	2	4	1	2	4	1	3	2	3	4	3	3	4	2	2	4	2	3	2	2	4
"291"	4	3	4	1	1	2	4	4	4	1	1	4	3	4	4	3	4	1	1	5	2	4	5	5	3	3	5	5	4	1	2
"292"	4	3	3	3	3	3	3	3	5	4	4	3	4	3	4	3	3	2	3	4	2	4	4	4	4	3	4	4	3	2	4
"293"	5	4	5	2	3	2	5	5	4	1	3	3	3	3	3	3	5	2	1	5	2	4	5	5	3	2	5	5	3	2	5
"294"	5	1	2	2	2	4	4	1	5	4	5	1	4	3	3	5	2	1	2	5	1	1	5	4	5	4	5	5	4	3	1
"295"	5	3	2	2	1	4	2	3	4	1	4	3	4	4	3	4	4	1	2	3	3	3	4	2	2	3	2	2	4	2	2
"296"	5	3	3	2	5	3	3	4	5	3	2	2	4	3	5	5	3	1	4	5	3	5	3	4	2	5	5	4	4	4	2
"297"	5	4	5	1	1	1	1	5	3	2	2	2	4	1	3	3	1	5	1	5	5	5	5	1	4	4	1	1	3	4	5
"298"	5	3	2	1	2	3	2	2	3	2	3	1	3	3	2	4	2	4	2	5	2	2	4	3	4	2	2	3	2	2	3
"299"	5	3	5	2	3	2	2	4	3	1	1	5	4	4	5	1	5	2	1	5	2	2	5	4	2	5	5	5	4	2	3
"300"	5	3	4	1	1	3	4	2	4	1	3	5	5	3	2	2	3	1	2	5	5	5	5	3	1	3	5	5	5	1	5
"301"	5	2	1	5	2	5	2	2	4	5	3	1	1	3	3	5	1	1	5	3	2	4	1	3	5	4	4	5	5	1	4
"302"	4	2	1	2	1	5	2	1	5	5	1	1	1	2	1	2	1	1	4	5	1	3	4	2	4	5	5	2	5	4	5
"303"	5	4	5	4	1	2	5	5	5	2	2	5	3	1	4	1	5	1	2	5	3	4	5	4	1	1	5	5	3	1	1
"304"	4	5	2	2	4	2	5	4	5	4	2	4	2	2	3	1	5	1	1	5	1	3	5	4	1	3	3	3	3	4	5
"305"	5	3	2	2	1	4	4	4	4	2	1	2	3	2	2	1	2	1	3	5	1	3	5	4	3	1	4	4	2	1	4
"306"	5	3	3	2	1	2	2	2	5	2	3	2	2	3	4	5	1	1	2	5	1	1	5	5	2	4	5	4	4	1	4
"307"	5	5	5	3	3	3	3	3	4	2	4	4	5	5	5	5	5	4	1	5	3	1	5	5	2	1	5	5	2	1	1
"308"	5	3	1	4	3	2	5	2	5	4	3	1	1	5	5	3	3	1	1	5	1	1	5	3	4	1	5	5	5	1	1
"309"	5	5	5	2	3	3	2	4	3	1	2	3	1	1	1	2	3	4	1	4	3	4	4	4	5	4	5	5	4	2	3
"310"	5	3	4	2	1	3	3	3	4	1	1	4	1	1	4	2	2	2	1	4	5	5	3	2	3	2	3	3	2	1	3
"311"	5	5	4	1	1	3	2	4	4	2	1	1	2	1	1	1	3	5	3	3	3	4	3	3	3	2	2	4	3	1	5
"312"	5	4	5	5	2	5	5	5	5	2	2	5	5	5	3	3	5	2	5	5	4	4	5	4	5	3	4	5	5	3	5
"313"	2	4	2	1	1	2	2	3	4	3	2	3	3	3	3	2	1	2	1	5	4	4	4	3	4	5	2	2	3	1	3
"314"	5	4	3	2	2	4	3	4	2	1	1	4	1	3	4	2	4	2	2	5	4	4	5	4	5	3	4	3	3	1	3
"315"	5	4	5	4	5	4	5	5	5	5	5	2	5	5	5	5	5	5	4	5	4	4	5	5	5	5	5	5	5	4	5
"316"	5	3	1	1	1	3	3	5	2	1	1	2	1	1	1	2	2	1	2	4	1	3	4	1	2	5	4	3	3	2	4
"317"	5	3	4	1	1	1	3	3	3	1	2	3	2	1	1	2	2	4	2	4	2	3	5	4	3	2	3	5	3	1	3
"318"	5	3	5	2	2	2	1	3	5	1	2	2	1	2	3	3	4	4	1	5	5	5	5	1	5	5	3	3	3	1	5
"319"	5	3	2	3	4	3	3	3	1	1	3	3	2	4	4	3	3	2	1	5	3	4	4	5	5	3	2	1	1	4	3
"320"	5	3	4	3	2	4	5	5	4	1	2	3	3	4	3	4	4	3	2	5	1	3	5	5	3	4	5	5	3	2	4
"321"	5	4	3	2	2	2	2	3	5	4	3	2	3	2	2	5	2	4	1	5	2	4	5	2	3	4	5	5	3	4	5
"322"	5	3	3	2	4	3	4	4	5	2	2	5	2	3	5	3	4	3	1	5	5	5	5	4	2	3	3	5	3	4	4
"323"	5	3	2	2	1	4	3	2	5	5	5	1	3	3	5	5	3	1	2	4	1	2	5	5	2	3	5	5	5	1	2
"324"	5	2	2	1	4	5	4	5	4	1	3	1	1	1	3	1	3	1	5	3	2	4	5	4	2	2	3	2	5	1	5
"325"	5	3	4	2	2	2	2	5	3	2	3	2	3	3	3	3	3	2	2	5	2	3	5	5	3	2	4	4	3	2	4
"326"	5	3	4	4	3	3	3	4	4	4	4	5	5	2	4	3	3	4	2	4	1	2	4	3	3	4	4	4	5	2	4
"327"	5	4	3	2	2	3	2	5	4	2	2	2	3	3	3	3	3	3	1	5	5	4	5	5	4	5	3	3	4	2	2
"328"	5	3	3	2	1	4	4	5	3	1	1	5	4	3	4	2	3	1	2	5	3	4	5	3	3	3	4	5	5	1	5
"329"	5	5	3	3	4	2	1	2	5	4	5	2	4	3	2	5	3	1	1	5	4	5	5	5	4	5	3	3	3	3	3
"330"	5	3	4	2	3	3	2	4	4	1	2	4	2	2	3	2	2	3	1	5	4	5	4	4	2	4	5	4	3	1	2
"331"	5	3	4	2	1	4	3	3	5	3	3	3	2	3	3	4	3	3	2	5	1	1	5	3	4	2	4	4	4	1	3
"332"	5	5	3	2	3	3	3	2	5	2	2	5	1	5	5	1	2	4	1	5	2	1	5	3	3	5	2	2	2	5	2
"333"	4	3	3	2	3	3	5	3	2	1	1	2	3	1	1	1	5	1	1	5	3	1	5	5	1	2	5	5	3	2	3
"334"	5	2	3	2	3	3	4	5	4	2	2	3	2	3	3	2	3	2	2	4	2	2	5	5	3	2	5	5	3	3	3
"335"	5	2	2	3	3	2	3	2	3	2	2	2	2	4	1	4	4	1	1	5	4	5	5	2	1	5	3	4	4	1	1
"336"	5	5	4	3	2	3	3	4	4	2	2	4	4	4	3	2	2	4	2	5	5	4	5	3	4	5	3	3	4	2	3
"337"	5	4	3	1	2	3	2	5	3	1	2	3	3	3	2	3	1	4	2	5	5	4	5	3	4	1	3	5	5	1	3
"338"	5	3	5	1	2	3	2	3	3	1	1	5	2	2	1	2	1	5	3	5	2	2	5	1	2	5	5	5	5	3	4
"339"	5	3	3	2	2	4	3	3	5	2	2	2	1	1	2	1	1	2	2	5	4	3	5	5	3	1	4	4	3	1	3
"340"	5	3	2	2	1	5	3	2	5	5	5	1	3	3	5	5	2	1	3	5	1	2	5	5	1	3	5	5	5	1	2
"341"	5	1	1	3	2	5	3	2	3	1	2	3	3	2	2	4	2	1	3	4	2	2	4	4	4	5	3	3	5	1	2
"342"	5	4	1	1	1	1	1	2	2	2	2	5	1	1	1	1	1	5	1	5	5	5	5	1	4	5	1	1	4	5	5
"343"	5	3	3	2	2	2	4	3	3	1	2	4	4	3	3	3	4	3	2	3	1	2	5	3	5	2	4	4	3	2	3
"344"	5	4	3	5	2	2	5	5	4	2	2	1	2	2	5	2	5	1	2	4	2	5	4	3	1	2	5	5	4	1	1
"345"	5	3	2	4	4	1	2	5	3	1	1	2	1	1	4	3	3	1	1	4	1	2	5	4	1	1	5	2	1	1	1
"346"	4	3	4	2	1	1	2	4	4	3	4	2	3	2	2	2	2	3	1	4	1	3	5	3	5	4	2	1	1	1	5
"347"	5	4	1	1	1	1	1	3	3	1	1	5	5	1	3	1	2	4	1	5	3	4	5	3	4	3	2	1	3	2	5
"348"	5	4	3	2	2	2	2	4	4	4	4	2	2	3	2	1	1	2	1	5	1	3	5	2	4	3	3	3	3	2	5
"349"	5	4	3	5	2	5	5	4	2	1	1	1	2	5	5	3	3	2	5	5	1	1	5	2	3	1	5	5	5	3	4
"350"	5	4	5	2	1	2	3	5	2	1	1	3	2	3	3	1	2	4	1	5	5	5	5	5	2	1	5	5	3	1	3
"351"	2	3	4	2	2	1	1	4	4	3	3	2	3	1	1	3	1	2	1	5	3	3	4	2	5	3	2	5	2	3	5
"352"	5	3	3	2	4	5	3	5	5	2	4	1	4	4	4	5	3	1	3	5	4	4	5	5	2	3	5	5	4	2	3
"353"	5	5	2	1	3	2	1	2	5	5	1	1	1	1	5	1	2	1	2	5	2	5	5	3	3	5	3	2	5	5	4
"354"	5	3	3	1	2	3	2	4	2	1	1	4	2	2	3	5	2	1	3	5	4	4	5	4	2	2	2	2	3	2	2
"355"	5	3	3	3	2	4	4	4	4	2	3	3	2	2	2	3	2	3	4	5	1	4	4	5	3	4	5	5	3	2	3
"356"	5	4	2	1	3	1	2	4	3	1	1	5	2	1	2	1	3	2	1	5	2	4	5	3	3	4	5	5	2	2	4
"357"	4	4	3	3	4	4	4	5	5	3	2	4	4	3	4	2	3	2	3	4	3	2	5	2	5	3	4	4	4	4	4
"358"	5	4	3	1	1	2	2	2	4	4	3	5	2	2	1	1	4	3	2	4	2	2	5	4	4	4	5	5	4	2	3
"359"	4	3	5	3	3	2	1	3	5	2	1	3	3	3	4	1	2	2	3	5	2	2	5	3	3	5	3	2	4	3	3
"360"	5	3	4	2	4	3	2	5	2	1	2	4	4	2	3	1	3	2	3	5	1	2	5	5	3	3	5	5	5	3	4
"361"	5	3	4	1	2	1	3	5	5	1	1	5	5	3	4	3	3	1	2	5	1	2	5	5	1	2	5	3	3	2	4
"362"	5	1	3	5	5	5	2	2	5	4	2	3	4	5	1	1	1	1	1	5	5	4	5	4	3	1	5	5	2	1	2
"363"	5	3	2	3	2	4	5	3	5	4	5	2	4	3	4	3	4	2	4	5	2	5	2	3	4	3	3	3	4	3	4
"364"	5	3	1	3	2	4	5	3	5	3	5	2	4	1	4	4	4	1	5	5	1	4	2	3	4	3	2	2	4	3	4
"365"	2	4	4	2	3	3	2	4	5	4	3	3	3	2	4	3	1	2	1	5	2	4	3	2	1	4	1	1	4	4	5
"366"	5	3	2	2	3	4	2	1	5	4	5	1	5	4	5	5	1	2	4	5	1	5	2	2	1	5	2	2	5	3	4
"367"	5	2	2	1	2	2	2	4	4	2	2	3	3	1	1	1	1	3	1	5	5	5	5	2	5	4	3	3	3	4	5
"368"	5	3	3	1	3	4	1	5	5	4	4	1	2	5	5	5	1	3	1	5	2	4	5	4	5	5	3	3	5	2	5
"369"	5	4	5	2	2	3	3	5	3	1	1	3	4	3	3	1	5	2	3	5	5	5	5	5	5	3	5	5	5	3	5
"370"	5	3	5	3	2	1	1	4	2	4	2	3	2	1	2	3	1	5	1	4	5	5	3	3	3	5	5	5	4	5	5
"371"	5	4	3	3	2	4	3	5	5	3	3	4	3	3	3	2	4	1	2	5	1	4	5	3	1	3	5	5	5	2	5
"372"	5	3	5	5	5	5	5	5	5	3	3	2	2	5	5	3	5	2	5	5	1	2	5	5	3	2	5	5	3	3	2
"373"	4	4	2	2	2	2	2	2	4	2	5	1	4	2	3	4	2	4	2	4	3	3	4	3	5	4	3	5	5	1	4
"374"	5	4	2	1	1	1	1	5	3	1	1	2	1	1	1	1	1	1	1	5	2	4	5	4	5	3	4	4	1	3	5
"375"	5	3	5	2	2	1	2	5	3	1	1	3	3	2	2	1	2	3	1	5	3	4	5	5	2	4	5	3	3	2	2
"376"	5	3	4	2	1	1	3	5	4	2	2	5	2	2	1	1	3	2	1	5	1	2	5	5	2	1	5	5	3	1	3
"377"	5	5	3	1	1	1	1	4	1	1	1	5	1	1	1	1	2	1	1	5	2	3	5	5	1	1	5	5	5	1	2
"378"	5	3	2	3	3	4	2	3	5	4	3	1	3	4	4	5	3	1	1	5	5	5	5	3	1	3	4	4	4	1	2
"379"	5	5	5	2	2	2	4	5	4	1	1	4	5	1	2	2	3	3	1	5	5	4	5	3	2	1	5	5	4	1	2
"380"	5	3	5	4	3	4	5	4	4	2	2	3	3	4	3	2	4	2	4	5	3	4	5	3	4	4	5	5	4	3	5
"381"	5	4	4	3	2	2	3	4	4	1	1	4	2	2	4	2	5	5	1	5	4	3	4	3	2	1	5	4	2	1	4
"382"	5	4	2	2	3	4	3	2	5	3	3	1	1	3	3	3	2	1	4	5	1	5	4	3	4	3	5	5	4	2	4
"383"	5	3	4	3	4	2	2	5	1	1	1	4	2	1	2	2	5	4	1	5	4	2	5	5	2	4	5	5	4	2	4
"384"	5	3	2	2	2	3	4	3	5	3	4	3	3	3	3	5	1	2	3	5	5	5	5	4	2	1	4	4	5	1	5
"385"	5	4	3	1	1	2	3	3	5	5	3	4	4	4	4	5	2	1	1	2	1	1	3	3	1	1	4	4	2	1	1
"386"	5	3	5	4	4	5	4	4	5	3	3	4	5	5	5	4	5	3	3	5	3	3	5	5	5	4	5	5	4	4	5
"387"	5	3	3	2	1	2	3	4	5	3	3	5	4	2	3	3	2	4	1	4	3	3	5	3	5	2	2	2	4	2	3
"388"	5	3	5	2	2	2	4	5	2	1	1	5	5	3	3	2	5	2	1	5	5	5	5	5	1	1	5	5	3	1	5
"389"	5	3	3	4	2	4	4	5	4	1	3	4	5	5	4	3	5	3	3	5	3	5	4	4	2	5	5	3	4	1	5
"390"	5	4	3	2	2	3	3	3	2	1	1	2	2	4	3	2	5	1	2	5	3	3	4	4	3	3	4	4	4	2	2
"391"	4	3	1	1	2	3	2	2	2	1	2	2	2	3	3	4	3	3	3	5	1	1	4	3	3	2	5	5	5	4	4
"392"	4	4	3	3	3	3	3	3	3	2	1	3	3	3	3	2	2	1	2	4	2	2	4	4	3	3	4	3	3	2	4
"393"	5	4	4	3	1	3	2	4	3	1	1	5	3	1	2	2	5	2	1	5	4	5	4	4	2	3	5	5	3	3	3
"394"	5	4	1	1	3	1	1	1	3	5	3	2	1	1	2	2	1	1	1	5	5	4	3	1	5	5	2	1	3	4	5
"395"	5	3	3	1	1	2	1	3	4	2	1	1	2	2	3	2	2	1	1	4	2	4	4	3	1	2	4	3	3	1	4
"396"	5	4	3	1	3	1	2	3	4	5	3	3	2	2	4	5	1	5	1	5	4	4	3	2	5	5	3	2	3	3	5
"397"	5	3	3	4	2	5	4	3	3	1	1	2	3	4	3	1	2	2	5	2	2	2	4	4	4	1	3	3	2	2	3
"398"	5	3	3	5	2	2	3	4	1	1	1	4	2	1	2	1	4	1	1	5	3	3	5	5	2	2	3	3	2	1	3
"399"	5	4	3	3	2	2	2	2	3	3	3	5	5	3	4	3	4	5	2	5	1	3	5	5	3	2	3	2	5	3	4
"400"	5	4	2	4	1	5	5	4	4	3	4	2	4	3	3	4	2	1	5	5	4	5	5	4	4	2	2	3	1	1	3
"401"	5	3	4	1	2	3	1	4	2	1	1	3	3	2	2	2	1	4	3	5	2	3	4	2	4	4	4	4	4	2	4
"402"	5	3	2	1	3	1	3	2	5	4	1	1	1	1	2	2	3	1	2	4	2	1	5	2	1	3	3	3	1	1	1
"403"	5	3	5	5	1	5	2	4	5	4	1	1	1	1	1	3	1	3	3	5	4	4	5	2	1	5	5	5	5	1	4
"404"	2	3	2	3	3	3	4	3	4	2	2	2	4	2	4	3	3	1	3	4	2	2	5	3	4	2	5	4	5	3	3
"405"	5	3	4	5	5	5	2	4	5	1	5	3	2	2	5	5	1	5	3	5	1	1	5	5	5	1	5	5	5	1	2
"406"	4	3	3	3	3	3	3	3	2	1	2	4	2	4	3	3	3	2	3	4	1	1	4	4	1	3	5	4	4	3	3
"407"	5	3	4	5	1	4	5	5	4	1	1	3	3	4	4	1	5	4	4	5	1	3	5	5	5	1	5	5	3	1	3
"408"	5	3	4	2	3	3	3	3	3	1	3	3	3	5	3	2	2	2	2	5	3	3	5	3	2	4	5	5	4	2	3
"409"	5	5	3	4	3	5	5	3	1	1	1	1	1	4	5	3	5	1	5	4	5	4	5	5	2	3	5	3	5	1	2
"410"	5	4	5	1	5	1	5	4	4	1	3	4	2	3	4	3	2	4	1	5	2	3	5	5	3	2	2	2	1	5	2
"411"	5	5	4	2	1	3	1	4	5	1	5	4	1	1	5	3	1	1	1	5	5	5	5	1	5	5	5	5	5	5	5
"412"	5	3	3	2	2	3	4	5	5	1	1	4	2	4	3	1	5	2	2	5	1	3	4	5	2	3	5	5	2	1	3
"413"	5	5	3	1	1	1	1	3	5	5	1	1	1	1	1	1	1	5	1	2	1	1	5	3	1	1	1	3	1	1	3
"414"	5	3	4	3	1	2	2	4	4	4	4	2	2	2	4	2	2	3	2	5	3	3	4	2	3	5	3	3	4	2	5
"415"	5	3	4	3	2	5	3	5	3	2	1	3	2	3	4	4	2	2	2	5	4	3	4	4	3	2	4	4	4	1	2
"416"	5	3	3	1	1	1	1	5	5	1	2	4	2	1	5	3	3	3	1	5	5	5	5	4	1	3	5	5	4	1	1
"417"	4	2	5	1	1	4	2	4	3	2	2	3	2	2	2	1	3	4	1	5	3	3	4	5	2	3	3	4	2	1	1
"418"	5	5	1	2	1	2	2	1	2	4	5	1	5	1	4	4	1	1	2	5	5	5	3	1	3	4	1	1	3	2	4
"419"	5	1	4	4	2	2	3	5	1	1	1	1	2	1	2	2	4	1	2	5	1	5	5	4	3	1	3	3	3	1	2
"420"	5	3	5	2	5	5	5	5	5	1	1	3	3	4	5	5	3	3	5	3	1	2	2	2	2	5	4	1	5	2	4
"421"	5	4	1	1	1	3	1	2	5	3	5	1	3	2	1	1	1	1	3	5	1	3	5	1	2	3	5	5	5	1	4
"422"	5	2	2	3	2	5	5	5	4	1	1	2	2	5	3	2	3	2	3	5	1	2	5	5	5	5	5	5	5	2	5
"423"	5	5	4	1	1	1	4	5	1	1	1	4	2	1	1	1	5	5	3	5	5	5	5	5	5	5	5	5	5	3	5
"424"	5	2	3	2	1	3	3	5	4	3	3	1	3	3	3	3	3	2	3	4	4	5	4	1	1	1	4	5	4	1	1
"425"	5	5	5	3	3	2	2	3	4	1	1	5	3	4	1	1	2	5	1	5	1	2	5	5	2	5	5	5	4	3	2
"426"	5	3	3	1	1	2	3	4	5	3	5	3	4	3	4	5	1	2	3	5	4	5	5	5	5	5	5	5	5	1	5
"427"	5	2	1	1	1	1	1	2	5	4	1	1	3	4	4	4	2	1	1	4	1	4	4	2	3	3	4	4	4	1	1
"428"	5	3	3	3	1	5	1	2	3	1	2	2	3	5	3	5	3	2	4	5	2	4	4	3	4	2	5	5	5	1	3
"429"	5	3	5	3	2	4	5	5	3	2	4	3	2	2	2	1	2	3	3	5	1	3	4	5	3	1	5	5	3	1	3
"430"	5	4	2	1	2	3	2	2	5	4	4	2	1	2	3	3	1	1	2	5	4	5	4	3	2	2	5	4	4	2	2
"431"	5	5	3	3	3	4	2	4	4	2	2	2	4	3	3	3	4	3	2	5	1	3	5	4	4	3	4	5	5	2	3
"432"	4	3	4	1	3	2	3	2	2	1	1	3	3	3	2	2	4	5	4	5	4	4	5	3	3	2	4	5	4	3	5
"433"	5	3	2	2	2	3	1	1	5	4	3	3	3	3	4	5	3	1	1	4	5	4	4	2	3	3	2	3	4	4	2
"434"	5	3	4	4	4	2	4	5	4	3	4	2	2	2	3	5	3	2	2	5	3	5	4	3	3	2	2	2	5	1	2
"435"	5	4	4	1	2	2	3	5	3	1	1	4	3	3	2	1	5	4	1	5	1	3	4	1	4	3	2	3	5	4	5
"436"	5	3	1	1	1	1	2	3	5	5	3	2	1	1	5	3	1	1	1	4	2	2	4	3	2	2	3	4	2	1	2
"437"	4	3	2	2	2	2	1	4	4	2	2	2	3	2	3	2	4	3	2	4	3	3	5	4	4	3	4	4	2	2	4
"438"	5	3	2	1	1	1	2	3	3	1	2	3	1	1	3	1	1	4	1	5	3	3	4	4	2	3	1	1	3	1	3
"439"	5	3	1	1	1	2	3	4	5	4	4	4	3	1	2	1	2	1	2	5	1	2	4	5	2	2	5	5	4	1	2
"440"	5	5	5	2	2	1	1	4	2	1	1	4	2	2	3	3	2	4	1	5	3	5	5	3	3	4	2	2	3	2	5
"441"	5	3	4	1	2	4	3	4	4	1	1	3	3	3	4	3	3	4	1	5	3	3	5	4	2	3	3	2	3	2	2
"442"	5	1	3	2	1	2	2	5	4	1	3	1	1	1	1	1	5	1	1	5	1	2	5	5	2	1	5	5	4	1	3
"443"	5	3	4	2	4	3	3	5	4	1	4	3	4	4	4	2	2	2	1	5	5	4	5	4	3	3	5	5	4	3	3
"444"	4	3	2	2	2	4	3	3	3	1	2	3	3	3	3	2	3	3	3	4	3	4	4	2	5	4	3	3	2	1	4
"445"	5	4	3	2	4	2	2	2	3	4	4	2	5	4	5	5	2	4	2	5	3	3	4	2	3	3	2	3	3	2	2
"446"	5	3	4	2	2	2	3	5	3	1	1	4	2	3	2	2	5	1	1	5	1	2	5	5	3	1	5	5	3	1	3
"447"	4	3	4	1	2	2	1	3	3	1	1	4	2	1	2	1	1	4	1	5	4	3	5	1	3	3	1	2	3	1	4
"448"	3	2	1	3	3	3	4	1	1	1	1	1	1	1	1	1	1	1	2	4	2	2	4	4	1	1	3	3	5	1	1
"449"	5	3	4	2	2	2	2	4	4	1	1	4	1	2	4	3	2	3	2	5	3	4	5	4	3	3	4	4	3	2	2
"450"	5	3	3	3	1	2	5	3	4	2	2	2	3	3	5	2	5	1	1	5	5	5	5	4	2	1	5	5	4	1	2
"451"	5	4	4	3	1	5	3	5	3	1	1	2	2	1	1	1	3	1	4	5	4	5	5	3	5	3	5	5	5	1	5
"452"	5	3	3	2	2	3	1	4	4	1	1	3	2	3	2	2	3	3	1	4	2	4	4	4	2	4	3	3	5	3	4
"453"	5	3	4	1	1	1	1	5	3	3	3	3	3	2	4	3	1	3	1	5	3	5	5	5	1	1	5	2	3	1	1
"454"	5	4	2	2	1	1	5	3	4	2	2	2	3	3	5	2	5	1	1	5	5	5	5	4	2	1	5	5	4	1	2
"455"	4	4	2	1	1	2	3	4	5	3	4	3	5	4	4	4	2	1	1	5	5	5	5	4	2	2	5	5	4	1	3
"456"	5	3	4	2	1	2	3	5	5	2	5	3	3	2	3	2	2	4	2	5	1	3	5	5	1	1	5	4	3	1	5
"457"	5	5	3	1	1	1	1	3	2	1	4	5	5	1	2	3	1	1	1	5	3	3	5	1	2	2	1	1	4	2	5
"458"	5	4	4	2	1	2	1	4	5	2	3	2	2	2	3	3	2	4	1	5	2	4	5	3	5	5	2	3	4	2	5
"459"	5	3	5	5	5	5	5	5	1	1	1	5	1	1	5	5	5	5	5	1	1	1	5	5	5	1	5	1	5	1	1
"460"	4	2	2	2	3	3	3	2	3	2	3	1	4	3	3	5	2	3	3	5	1	2	5	4	1	2	5	5	4	2	1
"461"	5	4	3	1	1	1	1	2	4	2	4	5	5	1	1	3	1	1	1	5	5	5	5	2	2	3	3	3	5	3	5
"462"	5	3	2	4	3	3	3	3	3	1	1	1	3	3	3	3	4	2	4	4	2	3	5	3	2	3	3	3	4	3	3
"463"	4	3	3	1	2	3	1	3	5	1	4	3	3	3	3	4	2	3	1	4	2	3	5	4	3	4	5	5	5	1	2
"464"	5	3	3	1	1	3	3	5	3	1	1	3	3	1	1	5	5	1	1	5	1	1	4	5	1	1	4	5	2	1	2
"465"	5	4	4	3	3	3	2	3	4	1	4	2	3	2	4	2	5	3	2	3	1	4	4	5	1	3	3	3	2	2	1
"466"	5	3	3	2	2	3	4	3	1	1	2	2	4	4	2	3	5	2	2	5	2	3	5	3	3	4	3	3	4	4	4
"467"	5	3	3	1	3	3	3	4	3	1	1	4	1	3	3	1	3	5	1	5	3	3	3	3	3	3	3	3	3	3	3
"468"	4	2	4	3	2	3	2	3	2	2	1	4	2	1	2	2	2	2	1	5	2	2	5	4	2	1	3	3	2	1	4
"469"	5	3	3	2	4	4	2	4	5	2	2	5	4	4	5	2	2	2	2	3	4	3	4	3	3	3	3	3	3	4	4
"470"	5	5	5	1	1	1	1	4	3	1	3	4	4	2	5	4	1	4	1	5	5	5	5	3	4	3	5	5	3	3	5
"471"	4	3	4	3	1	2	3	5	2	1	1	3	3	2	3	1	3	1	3	4	5	5	5	5	2	1	3	3	2	1	3
"472"	5	3	4	2	2	2	2	3	5	4	5	2	5	3	4	5	2	2	1	5	2	4	5	3	5	4	4	5	4	3	5
"473"	3	3	2	2	4	3	2	4	3	1	2	1	1	1	2	1	1	1	2	3	5	4	5	2	2	2	1	1	4	2	1
"474"	5	2	1	1	1	1	1	2	4	4	3	1	1	1	1	4	1	1	1	5	1	2	4	3	1	1	4	3	5	1	2
"475"	5	3	5	1	1	3	1	5	3	1	1	5	2	1	1	3	1	5	1	5	3	3	5	3	3	1	2	2	5	1	4
"476"	5	3	3	2	5	4	5	3	5	4	4	3	4	3	5	3	4	1	2	4	4	3	5	5	2	3	5	5	3	1	2
"477"	5	3	2	1	1	4	3	4	5	4	3	3	3	5	5	5	5	1	2	5	1	2	5	4	1	1	3	3	4	1	3
"478"	5	3	2	1	1	2	4	2	5	3	3	1	2	3	5	5	2	1	1	5	4	4	4	3	4	2	3	3	3	3	4
"479"	5	4	5	2	3	2	3	4	4	2	2	2	2	2	4	4	2	3	2	5	4	4	3	1	4	4	1	2	2	2	5
"480"	5	3	3	2	2	3	3	3	4	3	4	3	3	4	4	3	4	2	2	5	4	4	5	3	3	2	4	4	3	2	5
"481"	5	4	5	3	5	3	4	5	4	2	3	4	3	4	5	4	5	4	4	5	2	4	5	5	5	2	5	5	5	3	4
"482"	5	4	4	4	1	5	1	1	2	4	1	1	1	4	4	4	1	5	4	5	1	4	3	2	4	4	3	2	5	5	2
"483"	3	4	2	1	3	1	1	3	4	2	4	4	4	3	1	1	1	1	1	5	1	4	5	4	4	2	2	3	3	1	4
"484"	5	4	3	2	1	5	3	4	5	3	5	3	2	4	3	1	5	1	1	5	1	3	5	5	2	1	5	5	3	1	2
"485"	5	3	3	1	2	2	2	4	4	3	3	3	3	3	2	2	2	2	2	5	2	4	4	3	4	3	4	4	2	1	4
"486"	5	3	4	2	1	2	1	4	5	1	1	1	3	5	4	4	4	1	1	5	2	4	5	3	3	3	1	5	3	1	4
"487"	3	3	4	2	2	2	1	4	2	1	1	3	2	3	3	3	3	2	1	5	2	5	5	4	3	3	4	2	4	2	1
"488"	5	5	5	2	1	1	1	1	1	2	2	3	3	3	3	3	1	1	1	5	5	1	5	5	5	1	5	2	3	1	5
"489"	5	3	2	4	3	5	4	3	5	3	2	3	3	5	5	4	3	1	4	5	4	4	4	2	4	4	3	3	4	4	4
"490"	5	5	2	2	2	1	1	2	5	1	5	3	5	2	5	5	1	1	1	5	3	5	5	2	1	5	5	5	4	1	1
"491"	4	3	3	2	2	2	3	3	2	1	1	5	1	1	2	1	5	4	2	1	2	2	5	5	1	1	5	4	1	1	1
"492"	5	3	3	2	2	2	2	4	4	2	3	3	2	2	3	1	5	1	2	5	4	4	5	4	4	2	4	4	4	1	4
"493"	5	5	3	3	1	4	4	2	5	2	2	1	2	3	4	5	3	2	2	5	1	2	3	5	2	5	5	5	5	2	4
"494"	5	3	4	1	2	2	1	5	3	1	1	5	2	2	3	3	4	2	1	5	3	5	4	2	3	4	2	3	3	2	5
"495"	5	3	2	2	1	2	4	2	5	2	2	1	4	5	4	5	2	1	2	5	2	3	5	5	3	3	3	4	3	1	1
"496"	5	3	2	1	2	2	2	3	5	2	4	2	2	1	5	5	2	2	1	5	1	5	4	3	3	2	3	3	2	1	4
"497"	3	2	3	2	4	5	4	3	3	1	1	2	2	2	4	3	4	2	4	4	3	4	4	4	2	2	5	4	4	2	2
"498"	5	4	3	3	3	4	4	5	5	2	3	1	3	5	5	1	4	1	5	3	1	1	5	3	3	3	1	1	5	2	2
"499"	5	3	3	2	1	3	2	2	4	1	1	1	3	2	3	5	3	1	1	5	1	1	4	3	2	4	5	5	4	2	3
"500"	5	4	2	4	2	3	2	4	4	2	4	1	3	1	3	3	1	3	2	5	2	4	5	2	4	5	4	4	4	5	3
"501"	5	3	3	5	2	4	2	2	4	2	1	1	2	2	4	5	4	4	4	5	3	3	5	5	5	5	5	5	4	1	3
"502"	5	3	4	5	3	4	2	4	4	2	2	2	2	4	4	2	5	2	2	4	4	5	3	5	1	5	2	2	4	1	1
"503"	5	4	4	3	2	4	2	2	5	3	4	3	3	4	5	3	1	3	3	5	3	5	4	2	5	5	5	5	3	5	5
"504"	5	3	2	2	1	5	5	4	4	1	1	1	1	1	2	1	4	5	4	5	2	1	5	5	5	3	5	5	5	4	2
"505"	5	3	5	1	1	2	2	5	1	1	1	5	2	1	2	2	2	1	1	5	5	4	5	3	4	5	4	2	3	1	2
"506"	5	4	3	4	2	2	2	3	5	3	4	3	3	2	4	4	2	1	1	5	2	4	5	3	4	3	3	4	4	5	5
"507"	5	4	2	1	1	1	1	2	2	3	3	5	1	1	1	2	1	2	1	5	1	5	5	2	3	3	2	2	3	2	4
"508"	5	4	3	4	3	3	4	2	2	1	1	2	5	4	4	4	4	1	2	4	2	3	3	2	4	1	5	1	5	3	2
"509"	5	3	1	3	5	4	1	3	5	2	2	1	3	3	5	5	1	1	1	5	2	4	4	2	3	3	4	4	4	4	5
"510"	4	5	4	5	2	3	4	4	1	1	1	4	3	3	1	3	3	4	1	4	3	2	5	4	3	1	5	5	4	3	5
"511"	5	3	5	3	3	4	4	4	4	3	2	4	4	4	3	3	3	2	4	4	2	3	4	4	4	4	4	3	4	4	4
"512"	5	3	3	1	2	3	2	3	3	1	1	4	4	4	3	3	2	1	1	5	3	3	5	4	4	2	4	4	3	3	4
"513"	5	1	2	4	1	2	1	1	1	1	1	1	1	2	1	3	3	4	2	4	1	2	5	5	5	1	3	1	1	1	3
"514"	5	4	3	1	1	2	3	3	4	5	5	3	2	1	3	3	3	3	1	4	3	5	5	3	3	3	4	4	3	2	4
"515"	5	3	1	5	5	2	2	3	5	1	1	1	2	1	5	3	2	1	2	5	3	4	5	3	3	5	5	5	5	4	4
"516"	5	4	4	3	3	3	4	4	5	5	3	1	2	3	3	4	2	1	2	5	5	4	5	1	4	4	1	4	3	5	5
"517"	5	5	5	3	1	2	3	5	4	4	3	5	3	2	3	3	2	4	3	5	5	5	5	1	5	5	5	5	3	3	5
"518"	5	3	3	1	1	4	4	4	4	3	3	4	3	1	1	3	4	4	4	5	4	5	3	2	1	1	4	5	4	2	3
"519"	5	4	4	2	2	3	2	5	4	1	2	4	3	3	2	2	5	4	4	4	1	2	5	3	3	2	5	5	5	1	4
"520"	5	4	4	3	1	2	1	1	2	2	1	4	4	2	2	2	2	4	1	4	3	3	4	2	3	5	2	2	4	2	4
"521"	5	3	3	1	2	2	2	4	2	1	1	4	4	2	2	2	4	2	1	5	2	3	5	5	3	2	3	3	4	2	3
"522"	5	3	5	5	1	5	4	5	3	2	2	3	3	4	4	2	5	3	3	5	3	5	5	4	1	1	5	5	4	1	1
"523"	5	3	4	2	2	3	3	4	3	1	2	3	3	3	3	3	4	4	3	5	1	2	5	4	3	3	4	4	3	2	4
"524"	5	3	5	2	1	2	1	1	3	1	1	2	3	3	4	2	2	3	1	5	4	4	5	5	2	5	1	5	4	3	4
"525"	5	3	2	1	2	4	2	2	5	5	5	2	5	3	3	5	2	1	3	5	3	4	3	3	3	3	4	5	4	1	1
"526"	3	4	3	3	3	3	3	3	5	1	3	3	3	3	3	3	3	1	3	4	3	4	5	3	2	2	2	3	3	2	2
"527"	5	4	3	1	1	2	2	4	4	4	4	5	5	3	4	3	3	1	1	5	5	4	5	3	4	4	5	5	3	2	5
"528"	4	5	3	1	3	2	3	4	4	1	2	2	4	4	4	4	4	2	1	4	5	4	3	2	4	4	1	1	4	4	5
"529"	5	4	3	1	1	5	3	5	5	1	2	5	1	3	5	1	1	3	2	5	2	5	5	2	5	3	4	4	5	1	5
"530"	5	2	1	2	2	2	1	3	5	3	2	1	1	2	3	4	3	1	2	4	1	2	3	2	2	3	4	4	4	2	2
"531"	5	3	3	5	2	3	3	5	2	1	1	1	1	1	1	4	3	1	1	4	1	1	5	3	3	1	3	1	5	1	5
"532"	5	4	2	5	4	5	2	2	5	4	3	1	2	3	5	5	2	1	1	5	2	1	4	4	3	4	5	5	5	2	3
"533"	5	3	4	2	1	3	3	4	4	2	1	2	4	5	3	3	4	4	2	5	4	3	5	4	2	2	5	5	5	1	3
"534"	5	3	3	1	2	2	2	3	5	2	3	2	2	3	5	5	3	3	2	5	3	3	4	3	3	3	3	3	3	1	3
"535"	5	3	3	3	1	3	3	4	3	1	1	4	4	4	3	3	4	2	2	5	1	4	5	5	5	1	5	5	5	5	5
"536"	5	1	3	3	4	4	4	5	5	3	4	4	3	4	5	1	4	4	1	5	4	4	5	5	5	5	5	5	3	2	5
"537"	5	5	2	1	1	1	2	4	2	2	1	5	3	1	1	1	3	5	1	5	5	5	5	3	1	3	3	3	2	1	5
"538"	5	3	3	2	1	4	3	3	4	1	3	3	3	1	3	5	1	2	3	5	2	4	3	4	1	4	2	4	4	2	3
"539"	5	3	3	2	1	3	3	4	4	4	4	4	2	1	3	3	3	3	2	5	3	4	5	4	4	3	5	5	2	1	4
"540"	5	3	3	2	2	5	1	4	5	4	1	1	1	1	3	4	1	1	4	5	2	5	2	1	5	5	2	1	5	4	3
"541"	5	3	3	5	1	5	5	5	5	1	2	4	4	2	5	3	3	3	5	5	3	5	4	4	5	5	5	5	5	1	5
"542"	5	4	3	2	2	2	3	3	2	2	2	4	3	2	2	2	3	1	1	5	3	3	5	5	3	2	5	5	3	2	4
"543"	5	3	5	2	1	2	2	4	4	3	5	5	5	4	3	5	4	2	2	5	3	3	4	4	4	4	4	4	4	3	4
"544"	5	4	4	1	1	4	2	4	4	4	3	3	2	5	4	4	4	4	2	5	1	1	5	3	3	3	4	4	4	2	4
"545"	5	4	2	3	1	4	5	2	5	4	3	2	2	2	4	5	3	1	3	5	1	4	1	2	4	4	4	4	4	1	3
"546"	5	3	3	3	3	3	1	3	3	3	3	3	3	3	3	3	1	3	1	5	5	5	5	3	5	5	5	5	4	5	5
"547"	5	3	3	2	2	5	5	4	5	3	3	2	5	5	5	4	5	1	5	5	5	5	5	3	5	5	3	5	3	2	4
"548"	5	4	1	4	2	5	3	1	4	5	2	2	2	1	4	3	1	1	5	5	3	5	5	2	2	4	4	4	5	3	4
"549"	4	3	1	3	3	3	1	2	5	1	2	1	2	1	4	4	1	1	1	4	1	1	4	4	2	3	3	3	3	2	4
"550"	5	4	5	1	2	2	3	5	3	1	1	5	3	3	1	2	4	4	2	4	2	2	5	2	1	3	5	5	4	1	4
"551"	5	3	2	5	4	3	3	3	5	2	2	1	3	3	5	4	2	1	2	5	1	3	4	3	5	3	5	5	4	2	4
"552"	5	4	3	3	3	2	2	4	2	1	1	1	1	1	1	1	2	1	2	3	1	2	5	4	3	4	5	5	4	1	4
"553"	5	3	2	3	1	3	3	2	4	2	1	1	4	5	3	5	5	2	2	5	2	4	5	5	1	5	4	4	4	1	2
"554"	3	3	4	4	2	2	2	3	2	1	1	3	1	1	1	3	2	3	2	4	2	2	5	5	3	2	4	3	2	3	4
"555"	4	3	3	4	2	3	4	3	3	2	2	3	1	2	3	2	3	3	1	4	1	2	4	4	2	3	3	2	4	2	4
"556"	5	5	5	3	1	1	2	5	1	1	2	4	5	3	1	2	4	2	1	4	2	4	5	5	1	2	4	2	4	2	5
"557"	5	3	3	1	1	3	3	4	1	1	1	4	1	1	3	1	1	2	1	5	3	2	4	4	2	2	3	1	2	1	2
"558"	5	3	2	3	3	2	3	4	4	2	2	2	4	4	4	3	3	1	2	5	3	4	5	5	5	2	3	3	4	3	5
"559"	5	2	3	1	2	2	4	4	2	1	1	1	2	2	3	2	5	2	2	3	1	2	5	4	2	2	5	5	3	1	2
"560"	5	3	5	2	2	1	2	2	4	2	1	5	3	1	2	1	1	1	1	5	4	5	5	5	2	1	3	3	1	1	2
"561"	5	5	4	3	3	4	3	4	3	4	4	4	4	3	4	3	4	2	3	3	1	2	5	5	4	3	5	5	5	4	5
"562"	5	3	4	3	3	4	2	4	4	1	3	5	3	4	4	2	4	4	3	4	3	4	5	2	5	5	4	4	4	3	4
"563"	5	5	5	3	2	2	2	4	3	3	3	5	1	2	2	2	3	1	1	5	4	4	5	3	3	4	2	2	3	3	4
"564"	5	4	4	1	3	3	1	4	5	2	3	5	3	1	3	3	1	2	1	5	4	4	5	3	3	5	4	3	3	3	5
"565"	5	5	5	1	1	1	1	1	5	1	5	3	3	1	2	1	1	2	1	5	1	5	5	3	5	5	5	5	5	1	5
"566"	5	3	5	2	2	2	3	4	2	1	2	2	2	2	2	2	2	3	3	5	3	5	5	5	5	3	5	5	3	2	5
"567"	5	3	3	2	2	2	3	2	2	1	1	4	3	1	2	1	3	2	1	5	1	2	5	5	2	4	3	3	2	3	5
"568"	5	4	4	2	2	1	1	3	3	2	2	3	4	2	3	2	2	2	1	4	4	3	5	3	2	3	3	3	4	1	4
"569"	5	4	5	2	1	2	1	5	3	1	1	3	1	1	1	3	3	3	1	5	2	3	5	5	1	1	2	4	5	1	3
"570"	5	3	4	4	2	3	2	3	3	2	2	2	3	1	2	3	3	2	1	5	2	2	5	5	4	3	4	4	4	2	3
"571"	5	3	3	1	1	2	1	3	3	1	2	2	1	1	3	2	2	1	1	5	4	2	5	3	1	5	3	3	3	1	5
"572"	3	5	4	2	1	2	3	4	1	3	2	5	3	2	1	1	3	4	1	4	5	2	3	4	5	2	1	1	1	1	5
"573"	5	3	3	1	1	4	3	3	3	3	1	2	2	1	2	1	1	1	2	4	1	3	5	4	1	1	3	2	3	1	3
"574"	4	3	3	1	1	1	1	2	4	3	3	3	1	1	3	4	1	4	1	5	1	3	5	3	3	4	3	3	5	1	4
"575"	5	5	5	3	1	1	3	3	3	1	1	3	2	1	1	2	2	5	1	5	1	3	5	5	1	1	5	5	3	1	3
"576"	5	4	3	4	3	4	4	2	4	2	3	2	2	3	3	4	5	2	2	4	2	2	5	3	3	3	5	4	4	3	2
"577"	5	3	3	2	4	3	5	3	3	1	2	5	5	2	2	2	2	3	2	5	3	5	5	5	5	5	4	5	5	5	5
"578"	5	4	4	2	1	2	5	3	3	1	1	1	1	1	1	1	2	2	1	5	4	4	4	5	4	2	2	3	2	1	2
"579"	5	3	3	2	3	2	4	5	2	1	1	4	3	2	4	3	4	1	2	5	3	3	5	5	5	2	5	5	2	2	5
"580"	5	3	4	3	2	5	2	5	5	4	3	3	2	5	5	3	2	5	1	5	3	5	5	3	5	2	4	5	4	1	5
"581"	5	3	1	1	1	1	1	1	1	1	1	5	3	2	2	2	1	3	1	5	2	3	5	1	5	3	5	5	4	1	4
"582"	5	4	2	2	1	1	4	3	4	3	4	4	5	3	2	5	2	5	1	4	2	4	5	2	1	1	4	4	3	1	4
"583"	3	3	4	3	1	3	3	2	3	2	1	4	4	4	3	3	3	4	2	5	4	3	3	2	4	4	3	2	4	2	4
"584"	5	4	2	1	1	3	4	5	4	1	1	5	3	4	4	2	3	1	1	5	4	5	5	3	5	2	2	2	3	1	5
"585"	5	3	4	3	3	2	2	5	3	1	1	2	3	3	3	1	4	4	2	4	1	4	5	5	3	3	5	5	4	1	4
"586"	5	3	3	3	3	3	2	3	4	3	1	3	2	4	4	3	4	4	2	4	1	4	5	5	4	5	4	4	3	1	5
"587"	5	5	5	3	4	4	3	2	3	4	2	1	3	2	1	5	3	5	1	5	1	5	2	3	5	4	5	5	5	2	4
"588"	5	3	2	1	1	1	1	2	4	4	5	3	4	1	3	2	1	2	1	4	5	3	3	3	4	5	2	2	2	3	4
"589"	5	3	4	1	1	2	5	2	1	1	1	4	1	1	2	1	5	1	2	5	3	3	5	5	2	2	5	5	3	1	3
"590"	5	4	1	1	1	3	4	1	5	5	5	1	2	1	5	3	2	2	2	5	3	4	5	4	3	5	5	4	5	1	3
"591"	5	3	3	2	3	3	4	3	5	4	3	1	4	4	5	3	4	1	2	5	4	4	4	2	5	4	4	2	3	2	4
"592"	4	3	3	3	2	1	5	4	1	1	1	4	2	4	2	2	5	1	2	3	1	1	5	2	4	2	3	4	5	2	4
"593"	5	3	3	3	1	3	3	4	1	1	1	4	2	2	2	2	5	4	1	4	1	4	5	5	3	3	5	1	3	1	1
"594"	5	3	2	3	1	4	3	2	5	3	2	2	4	3	3	4	4	1	2	4	4	4	5	3	1	3	4	3	4	1	2
"595"	5	3	2	3	1	5	1	3	4	1	4	2	2	4	1	5	1	1	3	4	2	3	2	3	3	3	3	3	4	1	2
"596"	5	5	1	1	1	1	3	1	4	4	5	1	4	1	2	1	1	1	1	5	5	3	5	1	4	5	3	4	2	1	3
"597"	5	3	4	1	1	2	1	4	3	1	1	4	4	2	2	2	2	5	1	3	4	4	4	4	4	3	4	4	4	2	4
"598"	5	4	4	2	2	2	2	5	5	2	3	4	2	2	4	3	3	3	2	5	4	4	5	3	3	3	4	5	2	2	5
"599"	4	3	4	2	3	2	1	3	4	2	4	4	3	3	3	2	5	3	2	5	3	4	5	4	3	1	5	4	2	3	4
"600"	5	4	5	3	4	2	2	5	4	3	3	4	4	2	4	4	2	3	1	5	4	5	5	3	4	5	5	5	5	3	5
"601"	5	3	2	1	1	5	3	4	4	4	3	5	5	2	2	4	1	4	1	5	1	1	4	4	1	4	5	5	4	2	2
"602"	5	3	1	4	3	4	3	2	4	1	2	1	1	4	5	5	4	1	2	5	1	2	3	4	1	2	5	4	3	1	2
"603"	4	4	4	2	3	2	2	5	4	4	2	3	1	4	4	3	3	3	1	5	5	4	5	3	5	4	3	4	3	2	4
"604"	5	4	3	2	2	3	4	4	4	2	2	5	3	4	2	4	4	4	2	5	2	2	5	4	2	2	4	4	4	2	3
"605"	5	3	3	2	2	1	3	4	4	1	5	4	4	2	2	5	2	1	1	5	5	5	5	5	4	1	5	5	4	2	4
"606"	5	3	1	5	5	2	3	3	5	3	4	1	3	3	4	1	1	1	2	5	1	4	5	3	3	1	5	5	5	5	5
"607"	4	3	3	2	1	2	2	5	4	1	2	2	1	2	3	2	2	1	2	5	3	4	5	2	4	3	4	4	5	1	4
"608"	3	3	3	1	3	3	3	4	3	3	3	1	3	3	4	1	4	1	2	4	1	5	5	3	1	2	3	4	4	1	5
"609"	3	4	2	4	2	4	2	5	1	2	4	4	4	4	4	4	4	1	5	5	5	5	5	5	5	5	5	5	5	5	5
"610"	4	3	3	2	2	5	2	3	3	2	2	5	2	3	2	3	2	4	3	3	1	2	5	4	3	5	4	4	5	5	5
"611"	5	4	3	2	2	3	2	4	5	4	2	2	2	4	5	4	2	3	2	4	3	3	5	4	5	3	3	4	4	3	4
"612"	5	3	3	2	1	1	1	5	3	1	1	3	2	1	2	1	1	3	1	5	4	4	5	4	4	3	4	4	2	1	3
"613"	5	3	5	1	1	3	2	3	4	3	3	4	4	3	2	3	5	5	3	3	4	4	4	4	3	5	5	5	5	5	5
"614"	5	2	3	2	2	2	1	3	4	3	1	5	2	4	3	4	4	3	1	5	4	2	4	3	2	3	4	5	2	1	3
"615"	5	3	4	1	1	3	2	4	4	1	1	1	4	5	3	1	2	5	1	5	1	3	5	5	4	1	5	5	4	1	4
"616"	5	3	3	3	1	5	4	4	5	2	3	2	2	5	3	5	3	3	2	5	2	3	3	3	5	2	4	3	4	2	4
"617"	3	3	4	1	5	4	1	3	5	3	2	1	4	3	5	1	4	4	1	5	5	5	5	1	4	5	4	4	5	2	5
"618"	5	3	3	2	4	5	5	3	4	1	1	1	2	2	1	1	5	1	5	4	2	2	4	4	2	4	2	2	4	1	1
"619"	5	5	5	4	2	5	5	5	5	1	1	5	5	5	1	3	5	1	5	5	5	5	5	3	5	1	3	5	5	1	5
"620"	5	1	3	3	1	5	4	3	3	2	2	3	2	3	3	2	3	2	5	5	2	4	4	2	2	5	3	3	5	2	4
"621"	5	3	2	1	1	5	2	4	4	1	3	4	1	1	3	3	2	2	1	5	2	2	4	1	2	4	1	1	4	2	3
"622"	4	1	4	1	2	2	2	1	3	4	1	1	1	1	2	5	2	5	1	5	4	3	5	4	5	1	2	4	4	1	2
"623"	5	3	5	4	4	5	5	5	4	2	4	3	4	4	5	3	3	4	3	5	1	2	5	5	5	4	5	5	3	3	5
"624"	5	4	2	3	3	1	1	1	2	2	3	5	4	3	2	1	1	1	1	5	4	3	5	1	3	4	5	5	4	2	4
"625"	5	2	3	1	2	1	2	5	5	2	1	4	2	2	4	1	2	1	1	5	4	3	5	5	3	1	4	4	3	1	3
"626"	5	4	5	3	2	3	3	5	2	1	3	4	1	2	4	3	5	2	1	5	2	3	5	5	3	1	5	5	3	1	4
"627"	5	3	4	2	2	1	1	3	3	2	1	4	4	4	2	2	3	4	2	5	4	4	4	4	2	5	5	5	3	1	2
"628"	5	5	4	4	3	1	4	2	1	1	1	1	2	3	3	4	3	2	1	5	3	2	5	5	2	1	4	4	1	3	2
"629"	4	4	3	1	1	2	2	3	5	5	5	4	4	3	3	3	3	2	1	5	3	4	4	2	5	4	4	5	5	5	5
"630"	5	3	5	3	2	2	2	4	4	1	1	5	3	2	2	2	5	3	2	5	4	4	5	4	1	3	5	5	2	1	3
"631"	5	5	4	1	3	2	3	5	4	3	2	4	5	4	4	2	5	5	1	4	3	1	5	5	1	1	5	5	5	1	1
"632"	5	3	5	2	1	4	5	4	5	3	2	2	2	3	2	3	5	3	3	5	1	4	5	5	3	3	5	5	3	2	4
"633"	5	4	4	3	2	2	2	4	3	3	2	5	2	2	3	3	2	4	2	4	2	3	4	2	2	4	3	3	4	2	4
"634"	5	4	3	5	3	1	1	4	3	1	1	2	3	3	2	1	3	1	1	5	1	1	5	3	3	2	4	4	3	3	5
"635"	5	3	3	4	2	4	4	4	3	2	2	4	3	4	3	4	3	2	3	4	1	2	4	5	2	3	5	4	3	1	2
"636"	4	2	4	4	2	3	4	4	4	1	1	2	4	4	4	1	4	1	2	4	1	4	3	3	2	1	2	3	3	1	1
"637"	5	3	3	5	4	3	3	4	4	1	4	5	5	3	5	5	5	3	4	5	4	4	1	5	1	4	2	3	5	4	5
"638"	5	2	2	3	2	4	3	5	5	2	5	2	1	2	2	1	1	2	3	5	3	4	4	3	4	5	2	3	5	2	4
"639"	5	3	3	3	2	2	5	5	5	3	5	4	4	3	4	3	3	1	3	4	5	4	5	4	2	2	5	5	4	3	3
"640"	5	3	2	1	2	1	1	1	5	5	3	1	2	5	5	5	1	1	1	5	3	3	5	3	3	5	3	4	4	3	5
"641"	5	4	5	2	2	4	3	5	5	4	5	5	2	1	1	1	1	1	1	5	1	3	5	5	5	2	1	1	5	1	1
"642"	5	3	3	3	3	3	3	4	3	2	2	5	4	3	3	3	3	3	3	5	3	3	5	3	5	5	3	5	4	3	5
"643"	4	3	4	4	2	5	5	3	3	2	2	2	2	1	1	3	3	3	5	4	1	3	4	2	5	1	4	2	5	1	4
"644"	5	3	4	2	1	3	3	4	5	1	1	4	1	3	4	1	5	2	4	5	1	2	5	5	4	2	3	5	5	1	4
"645"	4	5	3	3	2	2	2	5	4	2	2	4	4	2	2	1	3	1	2	5	2	2	5	5	2	5	5	5	5	3	5
"646"	5	4	4	2	1	4	4	3	2	1	1	4	2	3	2	4	4	5	3	4	1	4	5	1	4	5	3	3	5	4	5
"647"	4	3	3	1	2	3	4	4	4	1	1	3	2	2	3	1	3	2	2	5	4	4	5	3	4	4	4	5	4	2	4
"648"	5	3	3	1	3	5	4	5	3	1	1	5	2	4	5	3	5	1	1	5	1	3	5	5	3	4	5	5	3	1	5
"649"	5	4	5	5	2	2	5	4	3	1	1	3	2	2	4	1	5	2	2	5	3	3	5	5	4	4	4	3	3	1	3
"650"	5	3	5	2	2	2	2	3	3	3	3	4	4	4	4	3	3	2	2	5	4	3	5	4	3	2	3	4	4	2	2
"651"	5	3	4	1	1	1	2	4	2	1	1	4	2	1	2	1	2	3	1	5	5	5	5	2	5	4	2	5	3	3	5
"652"	5	4	4	2	2	3	2	3	3	2	2	4	3	3	3	3	4	4	3	5	3	4	5	3	3	4	3	3	4	5	5
"653"	4	3	3	2	1	3	1	5	4	1	1	1	1	1	2	1	2	1	1	5	1	2	5	2	4	5	3	3	5	1	5
"654"	5	3	3	2	2	3	2	3	5	5	2	1	3	4	5	2	4	1	4	5	4	4	5	2	3	3	5	5	4	5	4
"655"	4	3	4	3	2	3	2	5	3	2	1	3	2	2	2	2	4	3	2	4	3	4	4	4	2	4	2	2	4	2	4
"656"	5	3	3	2	2	2	2	3	5	3	4	3	4	2	3	3	2	4	1	5	1	2	4	4	2	3	3	4	2	1	2
"657"	5	3	2	2	2	4	2	2	5	3	3	2	1	4	4	3	1	1	4	5	4	3	4	5	3	3	3	3	4	3	3
"658"	5	3	4	1	1	1	3	5	3	1	2	4	2	1	2	2	2	1	1	5	1	2	5	5	2	1	5	5	4	1	3
"659"	5	3	5	2	2	3	2	2	2	2	1	5	2	3	2	3	2	4	1	5	2	2	5	2	4	1	5	5	5	3	3
"660"	5	2	2	1	1	3	3	4	5	4	4	2	1	3	3	5	2	1	2	2	1	2	5	4	5	5	2	1	4	3	3
"661"	5	3	2	2	1	3	1	4	5	3	4	3	5	4	3	3	2	1	2	5	4	2	5	5	2	1	5	5	4	2	2
"662"	5	4	3	1	1	2	3	3	1	1	1	2	1	1	1	1	1	2	1	3	4	4	4	3	2	3	3	4	2	1	3
"663"	5	4	3	2	2	1	3	4	4	1	1	3	4	1	3	1	1	2	2	4	2	3	5	3	3	4	3	3	2	1	3
"664"	5	3	3	3	2	4	3	4	3	4	5	3	4	3	3	4	3	2	2	4	4	4	4	3	5	3	5	5	3	3	4
"665"	5	2	3	4	4	3	4	1	2	1	1	1	2	3	4	3	5	1	3	5	1	2	5	5	1	3	5	4	4	4	4
"666"	5	3	1	2	1	3	1	2	5	5	5	5	5	3	5	5	3	4	4	5	2	3	5	3	2	4	2	3	4	3	2
"667"	5	3	2	1	2	2	2	2	5	3	2	1	1	1	4	5	1	1	1	4	5	3	5	4	5	2	3	4	4	2	2
"668"	5	3	2	1	1	5	3	1	2	1	3	5	4	4	1	2	2	1	2	3	2	2	5	2	2	2	2	2	5	2	2
"669"	5	3	1	2	3	4	2	2	5	5	1	2	2	4	5	5	4	1	2	4	4	4	2	2	5	3	4	3	5	1	2
"670"	4	3	4	2	3	3	4	3	3	3	4	4	3	3	3	4	4	4	2	4	4	4	4	3	4	5	4	4	2	2	4
"671"	5	3	3	2	2	2	3	3	3	3	1	2	3	3	2	2	5	2	2	3	3	4	3	2	2	4	3	3	4	3	3
"672"	5	3	3	3	3	2	3	3	3	1	1	4	4	4	4	4	4	4	3	4	2	2	5	5	4	3	3	2	4	2	4
"673"	3	1	2	4	2	5	5	4	4	2	2	1	1	3	2	3	3	1	5	4	5	5	4	4	2	4	3	2	4	2	1
"674"	4	3	2	2	1	3	4	5	4	2	1	3	2	4	4	3	4	1	4	4	3	3	4	4	1	2	3	3	3	2	1
"675"	5	4	3	3	1	3	1	3	5	3	3	4	1	1	3	1	3	1	1	4	1	4	4	3	1	5	2	5	5	1	2
"676"	5	3	3	3	3	3	5	5	4	2	1	2	2	2	3	1	3	3	2	5	2	3	5	5	2	5	5	5	1	1	3
"677"	5	4	2	2	1	2	2	1	2	2	1	2	1	2	1	5	2	2	2	5	1	2	2	3	1	2	3	4	5	1	3
"678"	4	3	3	2	1	3	3	4	3	2	3	3	3	2	3	1	4	1	1	5	5	5	5	5	3	5	5	5	5	3	3
"679"	5	3	2	3	3	3	3	2	5	5	4	1	5	3	4	4	4	1	5	3	4	2	5	4	3	1	5	5	5	3	3
"680"	5	3	2	2	1	2	2	1	5	2	5	3	5	4	5	5	2	3	1	5	5	3	5	5	3	3	5	5	5	1	1
"681"	5	4	4	3	4	2	4	5	5	2	3	5	5	2	5	2	5	5	1	5	5	4	5	4	3	2	5	5	4	3	3
"682"	5	5	4	3	2	4	4	3	5	5	4	4	5	4	3	4	4	4	4	4	1	4	4	4	3	3	4	4	4	2	4
"683"	4	4	4	2	3	3	3	4	4	3	4	3	4	3	4	3	2	5	2	5	2	4	4	2	4	5	5	4	4	3	5
"684"	5	3	2	5	5	3	3	5	5	4	3	3	3	3	5	1	5	1	1	5	1	1	5	5	5	4	5	5	5	5	5
"685"	5	5	5	1	1	2	3	5	4	1	2	4	2	2	3	2	4	1	1	5	2	4	5	4	2	1	5	3	1	1	2
"686"	5	3	3	2	3	3	4	4	3	2	3	4	3	4	4	1	4	3	2	5	1	2	5	4	4	4	5	1	4	3	4
"687"	2	4	4	4	4	4	3	4	4	3	3	3	3	3	3	3	3	3	3	3	3	3	3	3	3	3	3	3	3	3	3
"688"	5	3	3	1	2	3	3	3	5	4	4	5	3	3	5	3	2	1	1	5	2	3	5	4	2	3	4	5	3	1	4
"689"	5	4	4	3	1	3	4	4	5	1	5	3	1	1	2	1	4	1	1	5	3	5	5	5	1	3	5	5	3	1	1
"690"	5	3	3	1	2	2	1	4	4	1	2	4	2	2	2	2	4	3	2	5	3	3	5	4	3	3	3	5	5	3	5
"691"	5	4	4	1	2	3	2	2	4	1	3	3	3	3	4	4	3	3	2	5	2	4	4	2	4	3	2	3	3	4	4
"692"	5	3	4	2	2	2	3	3	4	4	2	4	2	4	5	5	4	2	2	5	3	4	5	4	3	3	5	4	2	2	2
"693"	5	3	2	3	3	3	3	4	5	5	4	4	3	4	4	4	2	2	2	5	2	5	5	3	5	5	3	4	5	3	5
"694"	5	3	3	2	2	3	2	4	3	2	1	4	3	3	3	3	4	4	1	4	5	5	5	2	2	1	3	3	1	1	3
"695"	5	3	3	3	4	5	2	3	5	4	2	3	3	5	5	1	5	4	3	5	4	5	5	3	4	5	4	4	5	2	4
"696"	5	4	4	2	2	3	5	5	4	2	2	5	3	4	4	4	4	3	4	4	1	1	5	5	3	2	5	5	3	1	5
"697"	5	3	3	5	3	1	5	5	3	1	1	3	1	3	3	1	3	3	1	5	1	3	5	5	3	1	5	3	5	1	2
"698"	5	3	3	1	1	3	3	4	5	3	5	3	1	1	2	2	3	1	2	5	2	4	5	4	2	5	3	3	2	1	5
"699"	5	5	5	4	1	3	3	5	3	1	1	5	5	3	2	2	5	2	2	5	1	1	5	5	1	2	4	3	2	1	4
"700"	5	3	4	3	1	2	3	5	3	1	2	3	3	2	2	1	5	2	1	5	2	1	5	3	1	2	4	5	2	1	1
"701"	5	3	3	3	2	1	1	1	4	2	1	4	2	1	2	1	4	1	1	5	3	3	2	5	1	4	5	5	4	1	5
"702"	5	5	5	4	3	4	2	2	2	1	1	2	2	3	3	2	3	5	4	5	1	5	3	4	5	5	5	5	5	3	5
"703"	5	2	1	3	3	5	2	4	5	5	2	1	1	2	3	3	3	1	4	4	3	5	5	2	5	5	5	5	5	2	5
"704"	4	3	3	3	3	3	2	3	4	4	4	3	5	3	3	3	3	1	2	5	5	5	4	2	3	5	4	4	4	5	5
"705"	5	3	4	2	1	2	4	5	5	1	2	4	5	2	4	3	5	2	1	5	1	3	5	5	2	2	5	4	3	1	3
"706"	5	4	5	1	2	4	3	3	5	3	4	3	5	4	4	5	3	3	2	5	3	3	5	4	4	4	4	5	5	2	4
"707"	5	3	4	2	3	3	4	5	4	2	1	4	3	2	1	3	2	3	2	4	4	4	5	2	3	5	2	3	4	2	4
"708"	5	3	2	2	1	3	4	3	4	5	2	2	2	2	3	4	2	2	4	3	3	4	4	3	2	5	3	2	5	2	3
"709"	5	4	2	1	1	2	3	5	3	1	1	5	4	1	1	4	1	4	1	5	4	4	5	3	4	2	3	3	3	1	5
"710"	5	3	3	2	2	2	2	3	5	5	3	4	3	4	4	5	4	2	2	5	3	4	5	4	2	2	5	4	2	2	3
"711"	4	4	4	3	3	2	2	5	4	1	2	4	5	3	2	2	2	1	1	5	5	5	5	4	4	4	5	5	5	3	5
"712"	4	3	3	3	4	2	2	4	4	2	3	2	4	2	4	1	4	1	1	3	1	2	2	4	2	1	4	4	5	3	3
"713"	5	3	2	2	2	2	4	4	3	1	1	1	1	3	2	2	4	1	3	5	4	4	5	5	4	1	4	5	2	1	5
"714"	5	3	3	4	4	3	3	3	4	1	5	4	5	5	5	5	4	2	2	3	3	3	4	4	1	4	1	1	5	3	2
"715"	5	3	5	3	3	1	3	3	5	1	1	4	5	1	3	3	3	3	1	5	2	3	5	4	3	3	5	5	4	1	2
"716"	4	3	2	3	3	3	4	2	5	5	4	1	4	3	3	2	3	1	3	5	2	4	4	3	5	5	4	5	4	2	4
"717"	5	3	2	4	5	5	3	2	3	2	1	4	5	3	3	2	2	3	3	4	4	4	4	4	4	5	3	3	5	4	4
"718"	5	3	1	1	1	4	3	4	4	2	1	1	1	3	3	3	1	1	1	5	3	3	4	3	3	1	3	3	3	1	3
"719"	5	4	3	2	2	4	3	5	5	4	5	2	3	5	3	3	2	2	4	5	3	3	5	2	4	3	3	2	4	4	5
"720"	4	3	3	1	3	3	1	5	3	3	2	2	3	2	2	2	2	3	1	5	3	5	3	3	3	5	3	3	5	3	4
"721"	4	3	4	2	1	5	3	3	2	4	2	4	4	5	3	5	4	2	4	5	1	5	4	4	3	2	5	5	4	1	4
"722"	5	3	3	5	1	5	3	4	4	1	1	1	1	3	3	4	3	1	2	4	1	1	4	3	1	1	3	3	4	1	4
"723"	5	3	3	3	2	5	3	5	5	2	2	4	3	5	4	5	5	2	2	5	1	4	3	3	3	5	5	4	5	2	1
"724"	5	3	4	2	3	3	4	5	4	1	1	2	1	4	3	2	2	1	2	5	1	4	5	5	3	3	5	5	4	2	2
"725"	4	3	5	3	3	2	5	5	3	2	2	3	3	3	4	2	5	2	3	5	3	4	5	5	3	2	4	4	3	2	3
"726"	5	4	4	2	2	4	1	4	2	1	1	4	1	4	2	4	3	3	1	5	1	2	4	1	3	4	1	1	4	1	3
"727"	5	3	2	4	2	1	1	5	2	1	1	5	5	3	2	1	2	4	1	5	5	4	5	3	2	4	3	4	1	2	5
"728"	5	2	2	1	3	1	1	5	5	3	3	2	2	3	3	1	5	5	1	3	3	3	5	3	2	3	4	4	4	4	5
"729"	5	4	5	1	3	2	5	5	2	1	1	5	2	2	3	3	2	3	1	5	5	3	5	3	1	5	4	4	5	1	5
"730"	5	3	2	2	2	5	4	4	5	4	3	4	4	3	5	4	3	3	3	5	3	3	5	3	3	4	4	4	4	4	4
"731"	5	4	1	2	1	3	3	1	5	5	5	3	3	4	2	4	1	1	2	5	4	5	3	5	5	5	3	3	4	2	3
"732"	5	3	3	2	2	3	2	4	4	1	2	4	3	4	4	5	3	2	2	5	4	4	5	3	1	4	3	4	4	1	2
"733"	5	4	2	1	1	4	2	3	3	2	2	4	3	4	3	2	3	2	2	4	2	2	5	4	4	2	2	2	4	2	5
"734"	4	3	3	5	5	5	4	3	4	2	1	1	4	4	4	3	5	1	4	5	1	1	4	5	4	3	5	4	4	3	2
"735"	5	3	3	4	5	5	5	3	2	2	1	1	2	3	3	2	4	1	5	4	1	3	4	3	4	2	5	5	3	2	3
"736"	2	1	1	3	2	4	2	1	1	1	1	1	1	1	2	1	1	1	3	3	1	1	3	4	2	2	3	1	4	2	2
"737"	4	3	5	2	4	5	5	4	5	4	3	2	2	4	5	2	5	2	4	5	3	3	4	4	4	4	5	5	4	3	3
"738"	5	1	3	2	1	3	4	3	4	2	1	1	1	4	5	4	4	3	2	5	2	4	3	4	3	3	4	5	2	1	3
"739"	5	5	4	1	1	1	1	3	5	4	2	5	1	1	4	1	1	2	2	5	5	5	5	1	1	5	1	2	2	4	5
"740"	5	5	3	3	4	4	4	4	5	5	3	1	2	2	5	2	3	3	4	5	5	4	5	2	5	5	5	5	4	5	5
"741"	4	3	5	2	2	2	2	4	4	2	1	5	2	3	3	3	3	2	1	5	3	5	5	2	4	5	3	3	4	3	5
"742"	5	3	3	5	1	5	3	3	3	1	1	1	2	5	4	4	4	1	5	5	1	1	4	4	2	1	5	4	3	1	3
"743"	5	3	1	3	4	5	3	2	4	2	1	3	4	2	3	4	5	5	2	5	2	3	5	4	3	5	5	5	4	5	5
"744"	2	3	2	2	2	2	2	2	4	4	4	3	3	3	3	4	2	1	1	1	1	1	4	5	2	2	4	4	4	2	2
"745"	5	4	2	3	2	5	4	2	5	4	5	1	3	3	5	5	3	2	3	5	4	5	5	4	1	5	3	4	5	2	5
"746"	5	3	3	4	3	2	2	3	4	2	2	1	3	2	3	2	3	5	2	4	1	2	5	1	3	3	4	5	5	2	4
"747"	5	3	3	1	2	3	3	4	5	2	3	1	3	3	4	4	4	2	2	5	5	5	5	5	3	2	3	4	2	1	4
"748"	5	3	4	3	1	5	4	4	2	4	3	5	4	5	2	5	3	3	5	5	1	4	3	3	3	2	5	5	5	1	4
"749"	5	3	3	3	3	5	4	3	4	4	5	3	3	3	3	3	3	3	3	5	4	3	5	4	5	3	5	5	5	3	3
"750"	5	3	2	4	4	1	1	1	5	3	3	1	1	3	5	5	1	1	1	5	1	1	5	3	5	5	3	3	3	3	4
"751"	5	3	5	5	2	5	3	3	3	1	1	5	1	5	4	5	5	1	4	4	3	4	5	4	4	4	5	5	5	3	3
"752"	5	3	2	4	1	5	5	5	5	3	4	1	2	3	3	3	4	2	5	5	2	2	5	5	5	1	4	2	3	1	5
"753"	5	4	5	2	1	3	4	5	3	1	3	4	2	4	2	2	5	4	2	4	1	2	4	5	1	4	3	3	2	1	2
"754"	5	3	3	2	2	4	3	3	4	2	2	1	3	2	5	5	3	1	2	5	2	2	4	3	2	4	5	5	4	2	2
"755"	4	4	2	1	3	2	1	4	3	2	3	4	3	3	3	2	4	3	3	4	3	4	4	4	5	3	2	2	4	2	5
"756"	5	3	2	2	3	3	3	3	5	5	4	1	4	4	5	2	3	1	1	5	4	5	5	4	3	2	2	1	1	2	1
"757"	5	4	3	2	4	3	3	4	5	5	5	2	5	3	4	4	3	4	2	5	5	5	5	3	5	4	4	4	4	4	5
"758"	5	3	5	3	3	5	5	2	3	1	2	5	5	5	3	2	5	5	3	5	1	3	3	5	1	5	2	3	5	3	2
"759"	5	5	4	1	1	2	1	3	1	1	1	3	1	1	2	2	1	5	1	5	5	5	5	3	5	5	5	5	4	2	5
"760"	5	3	5	4	3	5	5	5	4	3	3	3	3	4	5	4	4	2	5	5	1	3	5	5	5	3	5	5	5	3	5
"761"	5	3	5	2	2	2	2	5	5	4	4	2	3	2	4	4	2	3	2	5	3	4	4	4	4	3	2	4	3	2	3
"762"	5	4	3	1	1	1	1	4	1	1	2	5	5	1	1	3	1	2	1	5	4	3	5	1	3	2	1	1	2	1	5
"763"	5	3	4	1	1	1	1	3	3	1	3	4	5	1	3	5	1	3	1	5	5	5	5	3	2	3	2	2	4	3	5
"764"	5	3	3	2	1	3	3	3	5	3	5	1	1	3	3	4	1	3	3	5	2	3	4	3	4	4	2	5	5	2	3
"765"	5	2	3	1	2	3	4	5	3	1	2	2	2	3	3	2	4	1	3	5	1	2	5	4	2	3	4	4	4	1	3
"766"	5	3	2	1	2	4	3	4	5	5	5	2	2	3	5	4	2	2	1	5	3	3	5	2	5	2	4	4	3	2	5
"767"	5	5	5	5	5	4	4	4	4	5	4	4	4	4	5	3	4	4	4	5	2	3	3	3	4	4	3	4	4	4	4
"768"	1	1	2	3	4	3	3	2	2	5	2	2	2	3	4	4	3	2	3	4	4	4	4	4	4	4	4	4	4	4	4
"769"	4	3	3	1	2	3	1	4	3	2	2	5	3	3	3	3	3	3	1	4	5	5	5	3	1	3	3	3	3	1	5
"770"	3	3	3	3	3	3	3	3	3	3	3	3	3	3	3	3	3	3	3	5	5	5	5	5	5	5	5	5	5	5	5
"771"	1	1	1	1	1	1	1	1	1	1	1	1	1	1	1	1	1	1	1	4	4	3	3	2	2	1	1	5	5	4	3
"772"	5	2	2	4	4	4	2	3	5	5	4	2	3	2	3	2	2	1	4	5	1	4	3	2	5	5	3	3	4	3	5
"773"	5	4	3	1	2	4	3	4	2	1	1	4	1	1	4	2	4	1	2	5	3	3	5	4	4	3	4	3	2	1	3
"774"	5	4	4	2	2	2	2	3	5	5	3	4	3	5	4	4	4	2	2	5	5	5	5	5	5	5	5	5	5	5	5
"775"	3	3	2	1	1	4	3	2	2	1	1	2	2	3	3	2	3	1	4	4	1	1	4	3	3	3	4	2	4	3	4
"776"	5	3	2	1	1	4	3	3	4	1	2	4	2	2	3	4	4	5	4	5	2	3	5	5	3	1	4	5	5	2	3
"777"	5	3	3	5	1	3	3	4	5	1	1	3	1	3	5	2	5	5	3	5	1	3	5	5	3	5	5	5	5	5	5
"778"	5	5	3	1	2	3	2	5	3	1	1	5	3	3	3	3	3	3	2	5	3	3	4	4	4	3	4	4	1	2	4
"779"	5	3	2	1	1	1	3	5	2	1	1	3	2	1	2	1	1	1	1	5	3	3	5	5	1	1	4	3	2	1	2
"780"	5	3	3	3	4	4	4	3	3	2	2	4	2	5	3	4	2	3	3	5	1	1	5	3	1	3	5	5	5	3	3
"781"	5	3	3	1	2	2	3	4	4	1	2	3	3	3	3	2	4	4	2	5	3	4	5	5	3	3	3	4	5	3	4
"782"	4	2	4	1	2	3	2	3	3	1	1	1	1	4	4	1	3	2	3	4	4	2	4	3	2	1	5	5	5	1	2
"783"	5	3	2	3	4	4	4	3	5	5	5	2	5	5	5	5	4	2	3	5	5	4	5	3	5	3	3	4	5	5	4
"784"	5	3	2	5	2	4	5	4	5	4	1	2	3	3	3	2	3	4	3	5	5	5	5	5	5	5	5	5	5	5	5
"785"	4	3	4	3	1	4	4	4	3	1	1	3	3	5	2	2	3	4	3	5	1	4	5	4	3	2	4	5	3	1	4
"786"	4	4	3	3	3	3	4	5	2	3	3	4	3	3	2	3	3	1	3	5	3	4	5	3	4	3	2	3	2	2	5
"787"	5	3	3	2	2	4	3	4	5	4	1	2	2	5	5	4	4	3	2	4	2	4	4	4	5	5	3	4	4	1	5
"788"	5	3	2	2	1	2	4	5	2	2	1	5	3	2	3	3	3	3	1	5	3	3	5	4	3	5	5	5	3	2	4
"789"	5	3	2	1	2	3	3	4	3	2	3	4	4	2	2	4	3	1	2	4	1	3	4	3	2	3	4	4	2	1	4
"790"	5	5	4	3	3	5	3	5	4	1	2	4	1	1	1	3	3	4	4	5	4	4	5	3	5	1	5	4	3	1	3
"791"	5	5	3	2	2	4	1	2	5	5	4	2	1	1	5	5	1	4	1	5	5	5	4	3	5	2	2	5	5	2	4
"792"	5	3	3	1	1	3	1	3	2	1	1	4	3	5	3	4	3	3	2	5	2	2	3	2	3	1	4	4	5	1	3
"793"	5	4	3	2	2	3	1	3	4	3	2	4	3	3	1	1	3	3	1	3	2	4	4	4	2	3	2	1	4	3	5
"794"	2	3	3	1	2	3	3	3	2	4	2	5	3	4	3	3	4	4	2	5	5	5	5	2	4	3	3	3	3	3	4
"795"	4	5	3	1	1	1	1	5	2	1	1	5	1	1	1	1	1	1	1	5	5	5	5	2	4	5	2	2	2	1	5
"796"	5	1	5	1	5	1	5	1	5	1	5	1	5	1	5	1	5	1	5	4	2	4	2	4	2	4	2	4	2	4	2
"797"	3	5	3	2	2	4	3	5	1	4	3	4	4	2	4	3	4	2	3	3	3	4	4	5	3	3	2	3	3	3	3
"798"	5	1	5	1	2	3	4	2	2	1	1	5	2	2	2	2	1	3	1	5	3	4	3	4	5	3	5	3	2	2	5
"799"	5	3	3	2	1	4	3	4	5	3	3	3	3	2	2	3	2	2	2	5	4	5	4	1	1	5	3	3	3	4	5
"800"	5	3	1	2	3	4	5	2	4	5	4	1	1	2	4	4	2	2	4	5	1	1	4	3	4	4	3	4	5	3	3
"801"	5	3	4	1	1	2	4	4	3	1	4	4	1	1	3	1	1	1	1	5	4	4	5	4	2	5	3	5	1	2	5
"802"	4	5	5	1	1	1	1	4	5	3	2	1	1	1	5	3	1	4	1	5	4	4	5	1	2	5	2	3	4	2	5
"803"	5	5	5	3	2	2	2	5	4	4	3	5	3	1	3	3	2	4	2	5	3	3	5	4	4	2	4	5	4	1	4
"804"	5	5	2	1	1	2	4	3	5	4	5	1	1	2	3	2	1	1	2	5	3	4	5	4	1	2	3	2	2	1	2
"805"	5	1	4	1	1	4	4	5	5	3	4	4	4	4	4	2	2	2	2	5	5	4	5	5	2	2	5	5	3	2	5
"806"	5	4	4	3	1	3	5	5	5	5	5	3	4	2	5	4	3	3	3	2	2	2	3	3	2	2	4	5	4	1	2
"807"	1	1	1	1	1	1	1	1	1	1	1	1	1	1	1	1	1	1	1	5	5	4	5	4	3	5	2	3	4	3	5
"808"	3	3	1	3	3	5	5	3	2	2	2	1	1	1	3	1	1	1	4	5	1	2	5	4	4	4	4	4	5	4	5
"809"	5	4	3	1	2	3	2	5	5	3	4	3	2	1	2	2	2	3	1	5	5	5	5	2	3	2	5	5	4	2	5
"810"	4	3	4	1	1	2	1	2	2	2	1	4	1	1	3	1	1	1	1	4	3	1	5	5	3	5	2	2	4	2	5
"811"	5	3	2	3	4	5	5	1	5	5	3	1	3	4	5	4	2	1	5	5	3	5	5	4	5	4	5	5	4	4	5
"812"	5	3	2	3	3	4	2	3	5	4	4	3	2	3	4	4	2	1	4	4	3	4	4	3	4	3	3	3	5	2	2
"813"	5	4	1	1	1	1	1	1	1	1	1	2	1	1	2	1	1	1	1	5	2	1	4	4	1	4	1	1	2	1	4
"814"	5	4	2	1	1	1	1	2	2	3	1	2	1	1	3	1	1	1	1	5	2	1	5	4	2	5	1	2	3	1	5
"815"	5	4	4	3	1	5	4	4	3	2	3	5	4	3	3	1	2	5	4	5	4	2	5	4	3	2	4	4	3	3	4
"816"	5	5	2	3	4	3	1	2	5	5	3	5	4	4	5	2	4	2	2	5	1	5	5	3	3	4	4	3	5	5	5
"817"	5	4	3	3	1	4	3	4	5	5	5	4	4	5	5	5	4	3	2	5	5	1	5	4	4	5	4	5	5	2	1
"818"	3	4	1	1	1	1	2	5	5	2	2	5	4	4	5	1	1	1	2	3	3	2	4	5	3	3	4	5	1	4	3
"819"	4	4	3	3	1	4	1	4	4	4	3	2	1	1	3	3	1	4	1	3	5	5	5	1	2	4	3	4	5	4	5
"820"	5	5	3	1	2	2	1	4	2	1	2	3	2	1	1	2	5	2	1	4	1	1	4	2	2	2	3	2	5	1	2
"821"	5	3	2	2	2	4	5	3	5	2	2	4	4	4	4	5	3	1	4	5	1	2	5	5	3	3	3	2	3	4	2
"822"	5	3	2	2	2	5	4	4	5	5	5	1	3	4	5	5	2	1	4	5	3	5	5	4	5	3	5	5	3	3	5
"823"	5	4	3	1	1	2	3	5	4	1	3	5	4	3	3	3	4	1	2	3	2	2	4	2	3	3	3	4	2	2	3
"824"	5	2	3	2	2	3	1	3	2	1	1	5	2	2	1	3	3	3	1	4	5	4	5	3	2	2	3	2	5	1	5
"825"	5	3	1	1	2	5	1	3	5	3	2	1	3	2	5	3	2	1	5	5	1	3	4	2	1	1	5	5	5	4	3
"826"	4	3	1	3	1	4	2	2	5	4	2	1	2	2	2	4	2	1	2	5	4	3	3	3	4	4	5	5	5	2	2
"827"	5	3	3	3	1	4	4	4	5	3	3	3	3	5	5	3	4	1	4	5	2	2	4	4	1	3	4	4	3	2	2
"828"	5	3	3	4	3	4	5	4	5	3	3	2	4	3	5	5	2	1	2	4	1	2	4	4	3	2	4	2	2	2	1
"829"	1	3	4	1	2	1	2	4	5	3	4	5	2	1	3	3	4	4	1	5	4	5	4	3	2	4	2	3	3	2	5
"830"	5	3	1	2	2	5	4	3	5	5	4	3	2	4	4	4	2	1	3	5	3	4	5	3	5	3	4	4	2	2	5
"831"	5	3	4	2	1	3	2	4	3	1	1	5	4	4	3	3	5	2	3	5	3	2	5	5	5	2	2	2	5	1	2
"832"	5	3	4	2	4	4	4	5	4	3	4	5	4	4	5	3	4	3	4	5	5	5	5	4	4	4	4	4	3	3	4
"833"	5	3	3	4	5	5	5	2	5	3	4	1	4	4	5	3	4	1	5	3	1	1	4	3	2	1	5	5	5	2	3
"834"	3	3	2	1	1	4	3	3	4	1	1	1	1	5	3	5	2	2	4	5	2	2	5	3	2	2	2	2	4	2	3
"835"	4	3	4	3	2	4	4	3	5	4	2	2	2	2	3	2	2	2	3	5	3	4	4	3	4	4	3	3	4	3	4
"836"	4	3	3	2	2	2	3	5	4	1	1	1	4	3	3	3	3	1	1	5	1	3	5	4	4	4	3	3	4	5	5
"837"	5	3	2	1	1	2	3	4	5	5	5	4	3	5	4	3	1	1	3	5	2	2	5	4	4	4	4	4	3	3	3
"838"	5	3	4	3	2	5	3	2	5	5	4	2	4	5	5	4	5	1	3	4	1	3	5	4	1	5	5	5	5	5	4
"839"	5	5	4	1	1	1	2	5	4	1	1	4	5	3	4	4	4	2	1	5	5	4	5	3	2	1	4	5	2	1	4
"840"	4	3	4	2	1	2	4	4	3	1	2	3	3	3	4	4	4	1	2	5	4	3	4	4	3	2	5	5	2	2	2
"841"	5	4	2	3	3	1	4	5	5	1	1	4	3	3	2	2	4	1	2	4	4	5	4	3	1	2	4	3	2	1	3
"842"	5	5	4	3	3	2	1	4	4	3	4	5	2	2	2	3	2	5	1	3	3	3	5	2	2	2	3	5	2	2	4
"843"	5	5	4	2	1	3	3	4	5	1	4	1	3	2	2	5	2	2	1	5	1	5	5	5	5	4	3	3	5	1	5
"844"	5	4	4	2	3	3	3	4	4	2	2	5	3	2	2	1	3	3	2	5	2	3	5	3	2	5	4	4	5	2	3
"845"	5	4	2	5	4	5	5	2	3	2	3	2	3	5	4	4	3	4	5	5	5	3	5	5	1	4	3	2	5	3	5
"846"	4	4	3	1	1	1	3	5	1	1	1	4	2	2	1	1	3	1	1	5	2	2	5	5	4	4	5	5	3	1	2
"847"	5	3	5	2	2	3	3	4	2	1	1	4	2	4	2	2	3	5	3	5	3	3	5	5	5	2	2	4	4	2	3
"848"	5	2	3	4	2	5	5	5	5	2	2	1	4	4	5	5	2	1	4	5	1	2	5	5	3	3	5	5	4	1	2
"849"	5	2	2	1	1	3	1	3	5	3	4	1	4	2	3	5	1	2	1	3	1	2	3	4	4	2	1	2	1	1	3
"850"	3	2	1	4	4	5	3	2	2	1	1	1	2	4	2	1	3	1	5	5	1	3	4	5	2	2	5	5	3	2	3
"851"	4	3	4	1	2	3	4	4	2	1	1	4	4	3	3	1	1	1	1	5	1	4	5	2	3	1	5	5	5	1	4
"852"	5	5	3	1	1	2	2	2	2	1	2	5	3	2	2	2	2	5	1	5	5	5	5	5	2	5	3	3	5	2	5
"853"	5	4	2	1	2	2	1	2	2	1	1	5	3	2	2	2	3	3	1	5	3	5	5	2	5	5	3	3	4	2	5
"854"	5	3	4	4	2	3	4	3	3	1	1	2	3	2	2	2	3	1	4	5	3	3	5	5	3	3	5	3	4	4	3
"855"	5	2	4	2	1	1	2	3	3	1	1	5	3	3	2	2	2	1	1	4	3	3	5	5	3	2	2	2	3	1	4
"856"	5	4	5	3	3	3	2	5	4	3	4	5	4	2	3	2	4	4	2	5	3	4	5	3	4	4	4	4	5	4	5
"857"	5	3	3	2	1	3	4	4	5	3	3	3	3	5	3	2	4	3	3	5	2	3	3	2	4	3	3	2	4	4	5
"858"	5	4	4	2	3	3	5	4	3	1	2	2	3	3	3	4	2	5	2	5	4	4	5	3	4	4	5	5	3	3	4
"859"	3	1	3	3	2	5	3	2	3	3	1	1	5	5	5	3	1	1	1	5	4	4	5	3	5	5	5	5	4	5	5
"860"	5	3	4	4	2	3	3	4	3	2	2	5	3	3	3	2	3	4	2	5	4	4	5	1	2	5	4	4	4	2	4
"861"	5	3	4	3	3	3	3	3	4	4	3	4	3	3	1	3	2	5	3	5	4	4	4	3	5	4	4	4	4	2	4
"862"	5	3	3	2	1	3	1	3	5	1	2	1	3	3	3	4	1	2	1	5	2	4	4	3	5	5	4	4	4	1	5
"863"	5	4	4	2	2	3	2	5	4	3	1	4	3	4	2	3	5	4	2	5	5	4	5	4	3	4	5	4	4	3	5
"864"	5	5	3	2	2	4	4	3	2	1	1	2	2	3	3	4	1	5	2	5	4	3	5	2	4	4	5	4	2	1	4
"865"	5	3	3	2	3	3	4	3	5	4	4	4	3	3	4	4	2	3	3	5	3	5	5	4	5	4	5	5	3	3	4
"866"	4	2	4	3	2	3	4	3	4	2	3	4	2	1	2	4	3	2	2	5	4	4	4	3	4	5	2	3	2	4	2
"867"	4	3	2	3	3	4	4	2	5	4	4	3	4	2	4	4	1	1	3	3	1	3	4	2	4	5	2	3	4	4	4
"868"	5	3	4	2	4	2	3	4	3	1	1	1	3	1	3	3	4	1	1	5	1	2	5	3	2	2	3	4	4	2	4
"869"	5	4	3	4	3	2	4	4	4	3	2	5	2	2	3	1	3	2	2	4	3	2	5	5	2	3	3	4	1	2	4
"870"	5	3	2	1	2	5	4	4	5	3	3	2	1	3	5	5	2	1	1	5	2	2	4	4	1	5	5	5	5	2	2
"871"	5	4	4	2	1	2	1	5	3	3	2	3	1	1	1	2	3	4	1	5	3	3	4	4	2	2	3	4	2	2	2
"872"	5	3	3	2	1	4	3	3	5	4	2	2	3	4	5	4	2	3	3	5	2	3	5	4	2	3	4	5	4	2	4
"873"	5	3	2	3	1	3	3	3	5	3	2	2	2	3	2	5	1	4	1	5	2	4	4	3	4	3	2	3	3	2	4
"874"	4	4	4	2	2	3	3	3	4	2	1	3	3	3	3	3	2	4	3	5	4	3	5	3	5	5	3	3	5	2	4
"875"	5	3	5	1	1	1	2	3	2	1	2	3	2	2	2	2	5	3	1	5	4	4	4	4	2	3	2	3	2	1	4
"876"	5	3	3	1	1	1	3	3	2	1	1	4	1	1	1	3	1	4	1	5	1	3	3	3	3	2	4	4	3	1	5
"877"	5	3	3	1	2	3	1	4	1	1	1	5	5	4	4	1	3	3	1	5	2	3	5	4	5	5	4	5	4	2	4
"878"	5	3	1	3	5	3	1	1	5	3	4	3	3	4	5	5	2	1	1	5	1	3	3	3	1	5	3	4	5	1	5
"879"	4	2	2	2	2	4	5	4	4	2	2	5	4	4	4	3	2	4	3	5	4	4	5	4	2	4	4	4	2	2	4
"880"	4	5	5	1	4	2	1	2	4	5	3	2	1	2	4	4	2	5	2	5	5	5	5	1	4	2	2	2	4	2	5
"881"	5	3	5	1	2	1	2	3	2	1	3	4	2	2	2	1	5	4	1	5	4	4	4	4	3	3	2	3	2	1	5
"882"	5	3	1	1	3	5	5	4	5	2	2	1	1	4	5	5	2	1	1	5	2	1	5	5	1	5	5	5	5	2	2
"883"	5	4	4	1	1	2	1	2	4	3	5	3	2	2	3	2	1	4	1	5	1	3	5	5	1	1	4	4	1	1	3
"884"	5	3	3	1	1	2	3	4	3	1	1	2	3	4	3	3	4	3	1	5	2	3	5	5	5	2	5	4	2	1	4
"885"	5	3	4	2	1	4	1	4	5	3	4	3	4	4	4	5	1	4	1	5	1	2	5	5	3	1	5	5	4	1	5
"886"	3	4	3	2	2	2	3	4	4	4	1	5	4	2	3	1	1	3	1	4	2	4	4	3	1	5	4	4	3	1	2
"887"	5	5	3	2	1	3	1	3	4	5	4	1	1	1	3	4	1	2	1	5	5	5	2	1	5	4	1	2	1	1	5
"888"	4	3	3	2	4	3	3	2	5	3	2	4	3	2	3	2	1	3	2	2	3	2	4	2	3	2	4	2	3	3	4
"889"	5	3	3	2	1	2	2	4	4	3	2	2	1	2	4	2	5	2	2	5	4	5	5	5	1	4	4	1	4	2	2
"890"	5	3	3	3	4	5	3	3	4	3	2	2	3	3	5	4	2	2	2	5	3	4	5	5	4	4	4	4	5	2	3
"891"	5	3	5	1	2	3	2	4	3	1	1	4	2	2	3	1	1	4	1	5	2	2	5	3	5	4	2	2	1	2	5
"892"	5	3	4	3	2	1	3	4	4	2	2	2	4	1	3	2	2	3	1	5	3	5	5	3	5	5	4	5	4	3	5
"893"	5	3	3	3	2	2	3	3	5	3	2	3	2	2	3	1	2	1	2	5	2	3	5	3	2	3	3	4	4	1	3
"894"	5	3	2	3	4	3	2	2	4	3	2	4	3	2	3	2	2	3	4	2	3	2	4	3	2	3	3	2	4	3	2
"895"	5	4	3	1	1	2	3	3	5	3	2	2	4	3	4	2	2	1	1	5	2	3	5	5	4	4	5	5	4	2	2
"896"	4	4	4	2	3	2	2	3	3	1	2	4	3	3	2	1	2	3	2	4	3	3	5	2	3	3	3	3	3	2	4
"897"	5	3	2	3	4	3	4	2	5	3	3	1	2	4	4	4	3	1	2	5	4	4	3	2	2	3	2	2	3	2	3
"898"	5	3	2	2	3	1	2	4	3	1	2	3	2	3	2	4	3	2	3	4	2	3	2	3	2	4	3	2	3	3	2
"899"	5	3	2	2	1	3	2	2	5	2	3	1	3	5	5	5	3	1	1	5	1	5	3	3	3	3	3	3	5	3	1
"900"	5	3	2	2	2	2	1	3	3	2	2	5	3	3	1	3	1	1	1	3	2	3	3	3	3	3	2	3	4	2	2
"901"	5	2	2	1	2	3	4	3	3	1	1	2	4	4	2	1	3	1	3	4	2	4	5	5	4	4	4	3	2	1	5
"902"	4	3	1	2	2	2	2	3	3	1	2	1	2	3	3	2	2	1	2	5	2	4	5	5	4	5	2	2	4	2	4
"903"	5	3	1	2	2	3	1	2	3	2	3	5	4	3	3	2	2	2	1	5	3	2	4	2	3	5	2	3	5	4	3
"904"	5	5	2	4	3	2	1	1	5	5	4	2	3	5	4	4	3	1	1	3	2	2	5	1	5	5	3	4	4	3	3
"905"	3	3	2	1	2	2	5	5	3	1	1	2	2	2	3	1	5	1	2	5	2	3	4	5	3	2	4	4	3	1	3
"906"	5	3	4	3	3	2	2	4	4	1	3	5	3	3	3	2	2	3	2	5	3	4	5	4	5	5	4	4	5	3	5
"907"	5	3	5	3	1	5	5	2	1	1	1	2	3	4	3	5	5	5	4	5	5	3	3	1	4	5	5	5	5	1	2
"908"	5	4	4	3	2	2	3	5	3	2	3	3	3	2	2	1	3	1	1	4	2	2	5	5	2	2	5	5	3	2	4
"909"	5	2	3	2	3	2	1	4	4	3	3	2	2	3	2	2	2	3	2	5	3	4	3	4	3	2	3	2	4	3	3
"910"	5	3	4	3	2	3	4	4	3	2	3	4	4	2	5	3	2	2	3	3	4	2	2	2	4	4	4	3	2	2	3
"911"	5	4	2	1	1	3	4	4	5	1	1	4	4	5	5	5	4	1	2	5	1	4	5	5	2	4	5	5	5	2	5
"912"	5	3	2	2	1	4	5	3	5	5	4	1	1	3	4	5	4	1	5	4	1	1	4	4	1	4	4	4	5	1	5
"913"	5	4	4	2	1	1	1	4	3	2	4	3	3	2	4	2	3	3	2	4	2	3	4	3	2	4	2	3	4	2	3
"914"	5	3	4	4	2	4	3	3	4	1	3	1	2	4	4	4	2	3	4	5	2	3	2	2	2	2	3	4	4	3	4
"915"	5	4	2	3	1	5	3	3	5	4	4	2	3	4	5	5	5	2	4	5	1	4	3	2	4	4	4	3	3	3	2
"916"	4	4	5	2	3	1	3	4	4	3	1	4	2	2	3	3	3	4	1	5	4	4	5	4	4	3	4	5	2	3	2
"917"	4	3	2	2	1	3	1	3	5	4	4	1	3	3	5	4	1	1	1	5	1	4	4	2	2	3	1	1	1	2	3
"918"	5	4	2	2	2	3	2	2	5	4	4	2	2	2	4	4	2	3	2	5	3	4	4	3	3	4	1	2	3	4	4
"919"	4	3	2	2	1	2	4	4	5	5	5	3	4	3	3	2	4	1	3	5	3	3	4	2	1	4	4	3	2	1	4
"920"	5	1	3	2	1	3	1	3	4	4	3	3	3	3	3	5	5	1	2	5	5	3	4	5	3	3	5	4	4	2	3
"921"	4	4	3	3	3	3	5	3	4	3	3	2	3	3	5	1	3	1	3	3	5	3	4	2	2	3	3	3	3	1	3
"922"	5	3	4	2	2	1	1	4	3	2	3	4	2	3	2	3	2	3	2	4	3	2	3	3	3	2	3	3	1	2	3
"923"	5	3	5	1	1	3	2	5	3	1	1	4	3	2	1	1	2	4	3	5	3	4	5	5	1	2	3	3	5	1	5
"924"	5	4	2	2	1	5	2	4	4	2	5	3	1	4	5	5	2	3	3	5	4	4	5	3	2	3	5	5	4	2	2
"925"	5	3	3	1	1	1	1	3	2	1	1	2	2	1	1	1	1	1	1	5	3	5	5	2	1	5	5	5	4	1	1
"926"	5	3	4	3	3	2	4	3	2	1	1	3	3	4	3	2	5	2	3	5	4	4	5	5	2	2	4	4	2	1	1
"927"	5	3	3	2	2	2	2	2	4	3	3	1	2	2	2	5	2	1	2	5	4	4	4	2	2	2	3	3	5	1	5
"928"	5	3	5	1	1	1	1	5	3	1	2	4	4	1	2	3	1	3	1	5	2	3	5	5	4	4	5	5	3	1	4
"929"	5	3	4	2	2	5	3	4	3	2	2	4	4	2	4	3	4	3	3	5	5	4	5	5	3	2	5	5	5	2	3
"930"	3	2	3	5	1	4	2	4	2	3	4	2	5	2	3	5	3	3	3	3	2	4	1	4	4	4	4	4	3	3	3
"931"	5	3	3	2	1	2	3	3	2	2	3	5	3	1	1	1	3	3	2	5	3	2	5	5	2	3	5	5	3	2	3
"932"	5	3	4	2	2	1	3	4	3	4	3	2	3	2	3	1	2	2	3	5	4	4	3	4	4	5	5	4	3	4	5
"933"	5	3	4	2	2	1	3	5	3	2	1	4	3	2	2	1	3	4	2	5	1	1	5	4	3	1	5	4	2	1	3
"934"	5	3	2	2	3	5	4	3	4	2	3	1	4	5	5	4	3	1	2	5	3	4	4	4	4	4	4	4	4	2	2
"935"	5	3	3	2	2	2	3	3	4	5	4	2	2	2	2	3	3	4	1	5	5	5	3	2	3	2	3	2	2	2	4
"936"	5	3	3	1	1	1	2	5	2	1	1	2	1	1	1	1	3	1	1	5	1	1	5	5	2	2	5	3	2	1	2
"937"	4	3	2	3	2	3	1	4	3	4	4	2	3	4	3	2	3	3	2	4	2	3	4	4	3	3	4	3	3	3	4
"938"	5	3	4	1	1	5	4	5	5	4	5	4	5	5	5	5	5	2	5	5	1	3	5	5	4	2	4	5	3	5	5
"939"	5	3	2	5	1	5	1	4	5	2	4	4	1	3	5	5	1	5	3	5	1	5	4	2	5	1	5	4	5	1	5
"940"	4	3	4	1	4	5	3	4	4	1	2	1	2	3	4	3	4	4	2	5	4	2	5	5	4	1	3	5	4	2	1
"941"	5	3	2	1	1	3	3	3	3	1	1	4	3	5	2	2	1	5	1	5	4	2	5	3	5	5	4	3	5	4	5
"942"	5	3	3	2	1	2	2	4	4	3	3	4	5	4	4	4	3	1	1	5	1	2	3	4	2	3	3	3	2	1	4
"943"	5	2	5	3	2	4	1	4	2	1	2	1	3	5	3	3	3	5	2	5	5	4	5	3	3	4	4	2	3	4	4
"944"	4	3	3	2	1	5	2	3	4	1	4	4	4	4	3	3	3	2	2	5	5	4	5	4	2	3	3	5	4	2	3
"945"	5	4	3	3	2	4	3	5	4	1	1	2	1	3	3	2	3	2	3	5	4	4	5	4	5	4	5	5	3	1	5
"946"	5	2	5	2	3	3	3	4	4	4	4	5	4	2	4	3	4	1	3	3	4	4	4	2	5	5	3	5	2	4	5
"947"	5	5	2	1	2	4	3	3	5	5	5	2	1	4	5	4	2	2	3	5	1	4	4	3	5	5	5	5	3	3	5
"948"	5	3	3	1	1	2	1	3	3	3	2	4	3	2	1	2	1	1	1	4	2	2	3	4	3	3	4	4	2	1	3
"949"	5	3	4	3	2	3	4	4	3	1	1	2	3	2	3	2	4	2	2	5	4	3	5	5	4	2	5	5	4	3	3
"950"	5	3	3	2	3	1	2	3	4	3	3	2	3	3	3	2	3	2	1	5	5	4	5	3	4	2	5	4	5	1	5
"951"	5	3	2	3	2	4	2	4	5	5	5	4	4	3	4	2	2	3	3	5	2	3	5	3	5	3	3	4	2	4	5
"952"	4	3	4	1	1	1	1	4	3	2	2	4	5	3	5	4	1	5	1	5	5	5	4	2	5	3	2	4	2	2	5
"953"	5	2	3	3	3	4	3	4	5	3	3	1	3	3	3	4	4	4	2	4	2	3	5	4	5	4	5	5	4	4	4
"954"	5	3	3	1	3	3	3	5	4	1	4	4	4	4	4	3	5	1	1	5	1	4	4	4	4	3	4	5	4	2	4
"955"	5	3	5	3	2	2	3	3	3	1	2	4	4	3	3	2	5	4	3	4	2	4	4	5	2	3	5	3	4	2	4
"956"	5	3	2	1	2	1	1	2	5	5	5	1	3	1	3	1	3	1	1	4	1	4	5	1	3	1	3	3	5	1	5
"957"	5	4	3	1	4	3	4	4	4	3	3	3	3	4	4	1	1	1	2	5	2	2	3	4	4	4	3	4	4	5	5
"958"	5	4	2	1	1	1	2	2	2	1	1	5	1	2	1	1	2	2	1	4	4	4	5	4	4	4	3	2	3	2	5
"959"	5	5	5	3	1	3	3	4	1	1	1	3	2	2	2	3	2	4	2	4	5	5	5	4	3	2	2	2	3	2	2
"960"	4	3	3	2	3	4	4	4	3	2	4	2	5	4	5	4	3	1	2	4	5	4	4	3	2	5	5	5	4	2	4
"961"	5	3	4	4	1	5	1	3	5	5	5	3	3	5	2	5	1	1	4	5	2	4	4	3	4	3	3	2	4	3	4
"962"	5	3	4	4	1	3	4	5	3	1	1	5	4	3	2	3	4	4	3	5	5	4	5	4	4	5	4	4	5	3	4
"963"	5	2	3	4	4	5	3	2	1	1	1	1	1	4	1	1	3	1	3	3	3	4	4	4	1	1	3	4	5	2	1
"964"	4	4	4	3	3	5	1	5	4	1	1	3	1	4	1	1	2	4	4	5	5	5	5	1	5	5	5	5	5	1	4
"965"	5	4	3	2	3	3	3	3	5	5	5	3	4	3	4	5	3	2	4	3	4	4	4	3	3	3	4	4	4	3	4
"966"	5	5	5	3	3	3	5	5	5	2	4	1	3	2	5	2	5	4	3	5	5	5	5	5	5	5	5	5	5	3	5
"967"	5	5	1	1	1	5	5	1	1	1	1	1	3	4	1	5	5	1	5	5	5	1	5	5	1	3	5	5	1	2	1
"968"	5	3	2	2	2	3	2	2	5	5	5	1	4	4	4	2	3	2	3	5	4	4	5	1	5	5	4	5	5	5	5
"969"	5	4	3	2	2	3	3	4	3	2	1	5	3	3	3	2	2	3	2	5	3	3	5	3	4	4	3	4	4	2	4
"970"	5	3	2	1	2	3	2	4	5	4	3	2	2	3	4	3	2	1	1	5	3	4	5	4	4	5	5	5	2	2	5
"971"	5	3	5	1	4	5	5	3	4	2	1	4	2	5	4	4	2	1	5	5	5	4	5	5	4	5	5	5	3	3	4
"972"	5	4	2	4	3	4	2	2	5	4	4	1	4	3	4	3	2	3	2	4	2	2	4	2	4	2	4	4	4	2	4
"973"	5	3	3	3	3	3	4	3	5	2	4	1	3	3	5	5	3	2	2	5	3	4	5	5	5	4	4	4	4	1	4
"974"	5	3	2	5	5	4	5	2	5	5	5	1	4	5	2	3	1	1	3	4	5	3	5	3	4	2	5	5	5	3	1
"975"	5	3	1	2	2	2	2	2	5	5	5	1	5	3	4	4	2	2	1	5	3	4	5	4	4	3	3	3	5	2	4
"976"	5	3	5	5	5	5	5	5	5	5	5	5	5	5	5	5	5	5	5	5	3	4	4	4	3	2	3	5	5	3	3
"977"	5	3	4	2	3	3	5	5	5	2	2	3	4	4	4	2	5	2	3	5	1	3	5	5	3	3	4	5	4	3	4
"978"	5	4	4	2	2	1	1	4	4	3	2	4	2	1	2	3	2	4	1	5	4	5	4	4	3	4	3	2	3	3	2
"979"	5	2	2	1	2	2	1	4	5	5	3	2	3	5	5	3	3	1	2	5	2	3	5	3	3	2	5	5	3	2	4
"980"	5	3	4	2	2	4	4	5	5	1	1	3	2	4	4	1	4	2	3	5	2	3	5	4	3	5	5	5	4	2	5
"981"	5	3	2	2	2	5	1	4	4	4	2	1	3	5	4	1	4	1	4	5	3	5	3	3	2	2	2	2	3	2	3
"982"	5	4	1	2	4	5	5	3	4	1	1	1	2	3	4	5	2	1	2	5	5	5	4	3	5	3	3	4	2	2	3
"983"	5	4	2	1	1	3	2	2	4	3	2	2	4	3	4	5	1	1	2	4	1	1	4	1	4	2	2	3	2	1	3
"984"	5	4	3	1	1	3	3	5	3	1	1	4	4	2	3	3	4	2	1	5	4	2	5	4	1	1	5	5	1	1	2
"985"	5	2	1	3	2	3	3	3	4	4	3	1	2	1	4	3	3	1	1	4	5	2	3	2	1	1	3	3	3	1	2
"986"	5	2	1	3	2	4	2	4	5	3	3	1	4	2	3	5	2	1	2	5	3	4	4	5	2	2	4	5	1	1	2
"987"	4	3	2	5	3	5	2	2	4	2	4	3	3	4	4	4	2	4	4	4	1	1	3	3	2	2	4	3	5	2	1
"988"	4	3	2	2	3	2	1	1	5	3	2	3	3	3	3	4	2	1	1	4	5	4	3	1	3	3	2	3	4	3	2
"989"	5	2	3	2	2	5	2	2	5	2	4	3	5	5	5	5	5	2	3	5	3	5	5	3	5	5	5	2	5	2	3
"990"	5	5	3	2	2	4	5	5	5	5	1	5	2	3	3	3	5	5	3	3	1	1	5	5	1	3	5	3	3	3	3
"991"	5	4	2	1	1	2	2	3	4	4	1	1	1	2	3	1	2	1	2	5	2	4	5	2	3	4	2	2	5	4	4
"992"	5	5	2	1	1	1	1	1	5	5	4	5	2	1	4	2	1	2	1	5	4	5	4	1	4	4	1	1	4	3	5
"993"	4	4	4	1	4	4	1	3	4	4	3	2	3	2	1	1	2	5	2	4	4	4	4	3	5	3	4	4	4	3	4
"994"	5	3	3	1	2	3	1	4	4	1	1	4	1	1	1	4	1	2	1	5	1	1	5	5	1	2	5	5	2	1	2
"995"	5	4	3	2	2	3	4	3	5	3	4	2	4	3	5	3	1	1	1	5	3	3	3	3	3	3	5	5	5	1	3
"996"	5	4	2	1	1	1	2	1	4	4	3	3	2	1	1	2	2	5	1	5	4	5	4	3	5	3	3	3	4	1	4
"997"	5	3	1	1	1	3	2	1	4	3	1	4	4	2	3	3	1	1	1	3	2	4	4	1	3	2	3	2	3	2	4
"998"	5	4	3	3	3	1	3	3	4	2	4	2	4	1	1	2	4	1	1	4	5	3	5	4	2	2	5	2	3	2	3
"999"	5	4	4	3	1	3	2	3	5	5	4	3	2	1	5	3	3	5	2	5	4	5	5	3	5	4	4	5	4	4	5
"1000"	5	5	5	3	4	5	4	4	4	3	2	5	5	5	5	5	5	5	3	4	4	3	5	4	5	4	3	4	5	2	5
"1001"	5	3	3	3	2	3	3	4	3	1	1	5	3	2	3	3	3	3	1	5	5	5	5	5	2	5	5	5	3	2	2
"1002"	5	5	5	1	2	1	4	4	3	2	4	4	3	1	4	1	2	3	1	3	4	3	5	4	1	1	3	3	2	2	3
"1003"	5	5	3	1	3	1	1	2	5	5	3	1	4	2	2	4	1	3	1	3	5	4	3	1	2	2	2	2	2	2	3
"1004"	4	3	4	3	2	2	3	4	5	2	3	2	4	4	4	2	4	4	2	5	4	4	5	4	4	3	3	3	4	2	4
"1005"	5	3	4	1	2	3	2	3	3	4	3	5	4	2	3	2	2	5	3	5	4	4	5	3	4	4	4	5	3	3	3
"1006"	5	2	5	2	2	5	4	4	4	3	2	4	1	5	4	4	3	3	2	5	2	3	4	5	4	2	5	5	2	1	4
"1007"	4	4	5	1	3	4	1	4	1	1	4	1	1	2	3	1	3	4	1	5	2	5	5	1	5	5	1	5	5	2	5
"1008"	4	3	1	1	2	2	2	3	4	1	2	3	3	2	2	5	1	1	1	4	5	5	3	5	2	1	4	4	3	1	3
"1009"	5	3	3	3	1	3	1	3	4	1	1	2	2	3	2	5	2	2	1	5	3	4	5	3	1	2	5	5	3	1	4
"1010"	5	5	4	3	2	3	3	4	1	1	2	3	1	1	3	2	2	3	1	5	2	3	5	2	3	1	4	2	4	1	4
