"id"	"Flying"	"Storm"	"Darkness"	"Heights"	"Spiders"	"Snakes"	"Rats"	"Ageing"	"Dangerous.dogs"	"Fear.of.public.speaking"
"1"	1	1	1	1	1	5	3	1	3	2
"2"	1	1	1	2	1	1	1	3	1	4
"3"	1	1	1	1	1	1	1	1	1	2
"4"	2	1	1	3	5	5	5	4	5	5
"5"	1	2	1	1	1	1	2	2	4	3
"6"	3	2	2	2	1	2	2	1	1	3
"7"	1	3	2	1	1	5	1	4	1	1
"8"	3	2	4	3	1	5	3	1	2	4
"9"	2	3	1	5	5	5	2	2	3	4
"10"	4	5	4	5	3	4	4	3	5	3
"11"	1	1	2	2	2	1	1	1	4	2
"12"	4	1	1	3	5	5	5	5	5	5
"13"	1	1	1	1	1	3	1	5	2	2
"14"	2	3	3	4	3	4	3	2	1	3
"15"	5	5	3	3	2	5	1	5	5	3
"16"	5	1	1	1	1	1	1	1	1	2
"17"	1	3	5	4	5	3	1	2	5	4
"18"	3	5	5	5	4	4	1	5	5	3
"19"	1	1	1	1	1	1	1	1	1	2
"20"	3	2	2	4	4	2	2	2	2	3
"21"	2	2	2	2	2	2	2	1	1	2
"22"	1	1	1	1	1	1	1	1	1	1
"23"	1	2	1	1	5	5	3	1	3	3
"24"	2	4	5	3	3	3	2	3	3	3
"25"	1	1	2	1	5	5	4	5	5	5
"26"	3	2	2	3	5	2	1	4	4	2
"27"	1	1	1	1	1	2	1	2	2	3
"28"	3	5	2	2	5	5	1	4	1	2
"29"	1	1	2	4	4	4	3	4	1	2
"30"	3	3	4	5	5	5	5	5	5	3
"31"	1	1	1	3	5	3	3	4	3	4
"32"	1	1	1	1	2	5	3	1	3	2
"33"	3	5	5	5	5	5	5	1	5	2
"34"	1	5	2	4	4	5	3	1	2	4
"35"	1	2	2	1	2	2	2	1	2	3
"36"	3	5	3	3	4	5	4	5	5	1
"37"	3	1	4	3	5	4	1	3	2	5
"38"	1	1	1	3	3	1	1	3	3	2
"39"	3	4	2	4	5	1	1	1	3	2
"40"	3	3	2	2	5	5	5	3	4	4
"41"	1	3	5	3	5	2	5	3	5	3
"42"	2	1	1	1	1	1	1	1	1	2
"43"	1	1	3	1	5	1	1	1	3	5
"44"	1	3	4	5	5	5	3	2	4	1
"45"	3	2	4	5	5	5	3	3	5	3
"46"	5	2	2	5	5	4	1	5	4	4
"47"	1	1	1	1	1	2	1	1	2	1
"48"	1	2	1	3	1	3	5	3	4	4
"49"	3	1	2	2	2	3	3	5	3	1
"50"	3	1	5	4	5	3	2	3	2	5
"51"	1	2	1	2	2	2	4	2	5	4
"52"	3	1	3	1	5	1	1	1	2	2
"53"	3	3	5	4	5	5	4	3	1	3
"54"	3	1	1	1	5	1	3	1	3	5
"55"	3	2	5	5	3	5	4	1	5	2
"56"	2	2	5	3	5	5	5	3	5	4
"57"	3	1	5	3	3	5	1	5	1	3
"58"	2	2	2	2	5	3	3	4	4	5
"59"	1	1	2	5	1	5	3	5	4	3
"60"	5	1	1	4	2	3	1	1	2	5
"61"	1	1	1	2	2	3	2	2	3	5
"62"	1	1	1	3	3	4	4	4	4	2
"63"	5	5	5	5	5	5	5	5	5	4
"64"	3	2	2	4	3	4	3	2	3	3
"65"	1	2	5	3	5	1	3	5	4	3
"66"	1	1	2	2	1	2	1	4	2	4
"67"	3	2	3	5	1	3	2	1	1	3
"68"	1	1	2	4	1	3	2	2	5	2
"69"	3	5	2	2	4	5	3	1	3	5
"70"	2	5	1	1	1	5	5	1	5	3
"71"	2	2	2	2	4	3	3	3	4	3
"72"	1	1	1	4	3	4	3	5	5	1
"73"	1	3	3	3	5	5	4	3	4	4
"74"	5	2	1	3	3	3	3	5	3	5
"75"	5	5	1	4	3	4	3	3	5	2
"76"	2	1	2	5	1	2	1	1	2	1
"77"	2	3	2	3	1	5	2	1	3	3
"78"	1	1	1	3	5	5	2	2	5	3
"79"	1	1	1	1	3	3	3	5	3	4
"80"	2	3	2	4	5	5	5	2	3	4
"81"	2	1	4	2	3	4	3	1	3	4
"82"	1	1	2	2	1	1	1	1	4	1
"83"	2	1	5	2	3	4	1	1	3	5
"84"	3	4	5	3	5	4	4	3	3	3
"85"	1	1	1	3	3	1	1	1	1	4
"86"	2	3	4	5	2	4	4	1	4	3
"87"	4	4	4	4	2	2	3	3	1	5
"88"	1	2	2	1	3	3	3	5	3	2
"89"	5	2	2	4	5	1	2	1	5	5
"90"	3	3	2	3	2	3	5	4	5	3
"91"	2	3	1	3	5	3	1	5	4	3
"92"	1	3	1	1	5	5	5	5	5	1
"93"	2	1	2	1	1	2	1	1	2	2
"94"	5	4	2	4	2	1	2	1	1	1
"95"	1	1	1	4	2	1	1	1	1	3
"96"	1	2	2	1	4	4	4	4	5	2
"97"	1	1	1	2	4	1	1	1	5	5
"98"	1	1	2	3	2	4	1	1	1	2
"99"	1	1	1	3	5	1	1	3	3	1
"100"	2	2	3	3	5	2	1	2	2	4
"101"	3	4	3	5	4	3	3	1	5	3
"102"	2	1	1	2	5	5	3	1	3	3
"103"	1	2	4	1	1	1	4	2	1	3
"104"	1	1	1	1	4	4	1	4	2	1
"105"	1	1	1	3	1	1	1	1	1	1
"106"	1	2	1	2	1	4	2	1	2	2
"107"	2	1	1	1	2	2	2	3	2	3
"108"	4	2	5	1	1	1	3	1	3	1
"109"	1	1	2	4	5	3	2	5	4	2
"110"	3	1	3	2	1	4	4	1	3	4
"111"	1	1	2	4	4	4	1	2	1	2
"112"	2	2	2	3	5	4	5	1	5	5
"113"	2	4	3	1	4	4	1	2	3	3
"114"	1	1	3	2	3	3	3	1	1	1
"115"	1	1	2	2	5	5	1	3	5	5
"116"	1	1	4	5	5	5	3	5	5	2
"117"	4	2	5	5	5	5	1	3	5	4
"118"	3	1	2	4	3	5	3	2	2	4
"119"	2	1	1	1	2	1	1	2	1	3
"120"	4	2	1	2	2	4	1	1	2	3
"121"	1	1	2	1	1	4	4	1	1	2
"122"	1	1	1	2	1	2	3	2	3	3
"123"	4	2	1	2	2	4	3	2	2	2
"124"	2	2	1	1	1	1	1	3	2	4
"125"	1	1	1	2	1	1	1	1	2	1
"126"	3	2	2	2	4	3	2	4	4	3
"127"	4	3	5	4	1	4	4	4	5	3
"128"	1	2	2	2	2	2	2	4	2	2
"129"	1	1	1	3	1	1	1	5	5	5
"130"	2	4	4	2	2	1	2	3	1	3
"131"	1	1	3	1	4	4	5	5	4	3
"132"	1	2	3	4	2	2	3	1	4	2
"133"	1	1	2	1	5	3	5	3	1	4
"134"	3	3	5	4	4	4	2	2	3	2
"135"	3	3	3	3	5	3	1	5	5	5
"136"	4	4	5	5	5	2	1	3	1	1
"137"	1	1	2	4	5	3	1	1	3	2
"138"	5	2	2	2	3	4	1	2	4	2
"139"	1	1	1	1	1	2	2	1	4	3
"140"	4	4	4	4	3	5	5	4	5	2
"141"	2	2	2	5	2	4	3	2	4	3
"142"	1	2	4	5	1	3	1	5	3	1
"143"	3	3	1	4	4	4	4	4	5	3
"144"	2	3	4	5	5	5	5	4	2	4
"145"	1	1	1	1	1	1	1	1	2	5
"146"	2	3	4	3	5	4	3	3	4	3
"147"	1	1	1	3	1	3	1	1	3	2
"148"	1	1	1	2	2	2	2	3	3	4
"149"	1	2	2	3	2	3	2	2	4	3
"150"	1	1	2	3	1	2	1	2	3	4
"151"	2	1	2	1	5	2	1	3	3	3
"152"	3	2	1	4	3	3	4	2	2	4
"153"	5	1	3	3	2	3	3	5	4	1
"154"	1	3	2	3	5	4	4	4	5	3
"155"	1	1	2	2	5	3	2	3	1	3
"156"	1	1	5	1	2	1	5	3	1	3
"157"	1	1	1	5	1	1	1	1	5	2
"158"	1	1	1	1	2	2	2	2	5	2
"159"	3	3	2	1	5	2	2	3	5	4
"160"	2	2	3	4	2	2	3	2	3	2
"161"	1	1	1	2	1	1	1	1	1	2
"162"	1	2	1	1	4	1	1	5	1	3
"163"	1	1	1	2	2	5	3	1	3	2
"164"	3	3	2	4	4	3	2	2	3	4
"165"	2	1	3	2	2	2	2	4	1	4
"166"	3	2	2	4	4	4	5	4	4	4
"167"	1	1	2	2	4	1	1	3	2	1
"168"	3	3	4	4	4	4	3	3	4	4
"169"	1	1	1	1	1	1	1	2	2	1
"170"	1	2	1	1	5	3	1	1	1	3
"171"	2	2	4	3	3	5	4	3	3	2
"172"	1	1	1	1	1	1	1	3	1	1
"173"	3	1	3	2	1	1	1	4	4	5
"174"	1	1	2	3	2	4	3	2	1	4
"175"	1	5	5	5	5	5	5	5	5	3
"176"	2	1	4	1	3	5	1	4	2	3
"177"	2	1	1	3	1	1	1	1	1	1
"178"	3	1	2	2	1	2	3	5	1	3
"179"	2	2	2	4	2	1	1	5	3	3
"180"	2	2	4	2	5	1	1	3	5	2
"181"	1	1	1	1	1	1	1	1	1	1
"182"	1	1	1	1	1	2	3	2	2	2
"183"	2	3	2	1	5	4	2	1	2	3
"184"	2	2	2	2	3	1	2	1	1	1
"185"	3	5	1	3	2	5	2	4	5	3
"186"	1	5	1	1	3	5	3	3	4	2
"187"	2	3	3	2	5	5	5	4	4	3
"188"	2	1	1	1	1	1	1	1	4	3
"189"	3	3	4	1	2	5	5	2	5	4
"190"	1	1	2	2	3	3	2	2	2	5
"191"	2	2	2	2	5	1	2	3	2	3
"192"	3	2	2	2	1	3	3	3	5	1
"193"	2	1	2	1	5	1	1	4	1	3
"194"	3	1	2	2	1	2	4	3	1	3
"195"	2	1	1	2	3	3	4	2	3	1
"196"	1	2	3	4	5	5	1	3	5	3
"197"	2	2	3	2	4	5	4	2	4	3
"198"	1	4	4	2	4	4	4	2	4	4
"199"	1	5	5	5	5	5	5	3	5	4
"200"	3	1	2	2	2	4	3	3	3	3
"201"	3	1	2	3	1	2	1	1	3	4
"202"	4	3	3	3	1	5	1	3	5	1
"203"	1	1	2	2	4	4	3	2	3	1
"204"	1	1	1	4	2	2	2	4	4	5
"205"	2	1	1	1	4	3	1	2	3	4
"206"	3	2	4	5	1	1	1	1	3	4
"207"	3	2	1	2	3	3	3	2	2	1
"208"	2	3	3	2	5	3	3	1	2	3
"209"	1	5	5	2	5	4	4	4	1	2
"210"	4	3	1	4	5	4	2	1	4	5
"211"	4	4	5	5	5	4	5	5	4	5
"212"	1	2	2	5	5	5	5	5	5	1
"213"	1	1	1	2	4	4	2	1	3	3
"214"	2	2	1	2	3	4	1	1	5	3
"215"	3	2	2	3	5	4	3	3	3	3
"216"	3	1	1	1	1	1	1	5	3	1
"217"	1	1	1	3	4	1	1	3	5	1
"218"	3	3	2	4	5	3	3	3	1	1
"219"	1	1	1	3	1	1	2	4	3	2
"220"	1	1	1	3	1	1	1	3	2	1
"221"	1	3	2	2	2	3	2	1	4	3
"222"	1	2	1	1	2	2	1	1	3	3
"223"	1	2	1	2	2	4	2	3	5	5
"224"	4	2	1	3	1	3	1	5	5	2
"225"	3	1	2	1	1	3	1	2	4	3
"226"	1	2	2	2	4	4	2	1	4	2
"227"	5	5	3	5	1	2	3	5	3	5
"228"	1	1	1	2	1	1	1	3	1	3
"229"	3	3	3	4	1	2	1	3	3	3
"230"	1	1	1	1	1	2	1	3	2	2
"231"	2	3	3	2	5	5	2	3	4	2
"232"	3	2	1	2	1	4	3	3	3	2
"233"	1	1	2	1	2	3	3	5	5	5
"234"	2	1	2	4	4	2	1	5	3	3
"235"	2	1	3	1	4	4	4	1	5	4
"236"	1	1	2	1	2	5	3	1	1	2
"237"	1	3	4	5	1	1	1	5	5	1
"238"	1	1	5	1	5	1	4	3	3	5
"239"	3	1	2	2	4	2	2	2	4	2
"240"	5	4	3	4	5	5	3	5	3	4
"241"	2	3	2	3	3	3	3	5	3	2
"242"	2	4	5	2	5	5	5	3	4	4
"243"	2	2	2	4	3	3	3	2	5	1
"244"	3	1	2	4	1	2	2	1	5	4
"245"	5	3	3	2	5	4	5	3	5	4
"246"	2	2	1	4	1	5	1	5	5	2
"247"	1	1	1	1	4	4	4	5	4	1
"248"	1	2	4	4	2	2	1	5	1	3
"249"	1	1	3	1	3	3	3	4	4	4
"250"	3	1	1	1	5	2	2	3	3	5
"251"	3	5	4	2	1	1	2	3	3	2
"252"	3	3	1	5	1	3	2	2	5	3
"253"	5	3	3	2	4	1	3	3	3	2
"254"	3	2	1	3	3	1	2	1	2	2
"255"	1	1	1	2	5	4	3	1	1	1
"256"	1	2	1	4	3	2	1	1	5	3
"257"	1	3	3	1	5	5	3	5	5	3
"258"	3	1	1	4	2	5	2	3	4	3
"259"	1	1	4	4	1	3	3	2	1	5
"260"	1	1	1	3	1	1	1	1	5	1
"261"	3	3	3	3	3	3	3	3	3	3
"262"	2	1	3	3	3	3	2	5	4	3
"263"	3	2	1	2	4	5	3	1	4	4
"264"	1	1	4	2	4	1	4	1	2	1
"265"	3	2	1	3	4	1	3	3	3	5
"266"	1	2	3	1	4	3	1	1	2	3
"267"	1	5	4	1	3	3	2	1	3	3
"268"	1	1	1	3	1	2	1	1	1	1
"269"	1	2	4	2	5	4	2	5	4	3
"270"	1	1	1	1	2	2	2	2	4	3
"271"	2	4	4	5	5	5	4	5	5	4
"272"	3	3	3	1	2	4	2	4	4	4
"273"	1	1	3	2	2	1	2	5	2	4
"274"	2	2	3	1	4	5	5	3	2	2
"275"	1	3	5	5	4	4	5	5	5	2
"276"	1	1	3	5	4	1	1	3	2	2
"277"	1	1	1	1	3	4	2	1	5	2
"278"	2	1	1	2	5	2	2	1	1	1
"279"	1	1	1	1	1	1	1	3	1	3
"280"	4	2	4	5	2	4	3	5	4	1
"281"	3	2	3	1	5	1	1	1	1	1
"282"	1	1	2	5	2	1	1	3	4	3
"283"	3	4	3	3	5	5	5	3	2	5
"284"	1	4	1	2	1	5	1	1	2	2
"285"	1	1	1	4	3	3	1	1	3	3
"286"	1	2	2	2	5	3	3	3	3	3
"287"	5	5	3	3	4	5	4	3	3	3
"288"	2	2	3	3	5	5	2	4	3	3
"289"	1	4	1	2	3	3	2	2	1	1
"290"	1	1	2	2	1	1	1	1	1	2
"291"	1	1	1	1	1	1	3	4	4	2
"292"	1	1	1	1	2	2	1	2	2	4
"293"	2	2	1	1	4	4	4	4	4	1
"294"	1	1	4	1	2	2	2	3	4	5
"295"	1	1	3	1	5	2	2	2	3	4
"296"	4	2	3	4	3	5	4	4	5	4
"297"	1	1	1	2	1	1	1	3	1	1
"298"	1	1	2	2	1	1	1	2	2	3
"299"	1	2	5	5	3	5	3	4	4	5
"300"	3	2	4	3	5	5	5	5	3	5
"301"	1	1	1	1	1	1	1	3	1	2
"302"	2	1	1	2	1	1	1	1	2	3
"303"	3	5	3	1	1	5	5	5	5	4
"304"	5	1	1	2	4	4	4	2	3	1
"305"	1	1	2	3	3	3	1	4	2	1
"306"	5	4	3	5	2	5	1	3	4	3
"307"	3	3	2	5	5	2	3	1	5	4
"308"	1	5	2	1	5	4	1	1	4	4
"309"	3	3	3	4	3	4	5	5	3	2
"310"	1	1	2	1	1	1	1	2	2	3
"311"	3	1	2	1	3	3	1	1	1	2
"312"	1	1	1	1	5	1	1	3	1	2
"313"	3	1	2	3	2	2	1	1	3	3
"314"	3	2	1	1	5	5	5	1	3	3
"315"	2	1	1	3	2	3	3	3	5	2
"316"	1	1	1	1	5	5	5	3	4	4
"317"	1	3	3	2	3	3	2	3	3	3
"318"	5	1	1	1	1	1	1	1	3	3
"319"	5	5	5	5	5	5	5	3	5	3
"320"	2	1	2	4	5	5	4	1	4	5
"321"	1	2	2	2	1	4	1	2	1	5
"322"	3	3	3	3	5	5	3	3	5	2
"323"	3	3	3	2	2	5	2	4	5	1
"324"	1	1	3	2	4	4	1	2	5	4
"325"	3	2	2	1	2	3	4	3	4	5
"326"	1	1	2	2	2	1	1	2	3	4
"327"	2	4	2	2	1	1	1	1	3	2
"328"	5	4	2	4	5	5	3	1	2	3
"329"	5	1	1	4	1	3	1	3	3	3
"330"	3	2	2	2	2	3	3	4	4	3
"331"	3	5	4	3	5	3	2	4	4	5
"332"	1	1	2	1	3	3	1	1	1	2
"333"	5	5	4	3	3	4	2	5	5	1
"334"	3	1	1	4	3	3	3	1	3	2
"335"	3	2	1	1	4	1	1	4	4	3
"336"	1	1	1	3	1	2	1	1	2	2
"337"	4	1	1	4	5	5	4	1	5	3
"338"	3	1	1	4	3	1	1	1	1	2
"339"	3	5	5	4	2	5	3	5	4	5
"340"	3	4	3	2	2	5	2	4	5	1
"341"	1	4	4	4	5	4	1	3	5	1
"342"	1	4	4	1	5	5	5	5	5	2
"343"	2	2	3	2	5	2	2	4	1	3
"344"	3	4	4	3	3	3	1	3	2	4
"345"	5	4	3	5	3	5	5	1	5	3
"346"	2	2	3	3	1	5	4	2	4	3
"347"	1	2	2	1	1	3	3	1	4	1
"348"	5	2	2	2	2	4	4	4	4	5
"349"	1	1	2	1	5	3	2	4	2	1
"350"	1	5	4	1	5	2	3	3	5	2
"351"	1	1	1	3	1	1	1	2	3	3
"352"	1	2	4	2	5	5	2	2	3	4
"353"	3	3	3	3	3	1	1	1	2	3
"354"	2	1	3	2	3	3	2	2	3	3
"355"	1	1	3	3	3	5	5	3	4	2
"356"	1	1	1	1	5	4	2	1	3	1
"357"	1	1	1	4	1	1	3	2	4	2
"358"	1	1	1	5	5	1	1	3	1	2
"359"	3	1	3	5	4	3	1	3	5	4
"360"	5	1	3	3	5	5	2	3	2	4
"361"	4	1	2	3	2	5	1	5	5	5
"362"	2	2	4	1	1	2	4	5	3	1
"363"	1	1	1	4	5	5	1	2	2	4
"364"	1	1	1	2	5	5	1	2	2	4
"365"	1	2	2	2	4	4	3	1	5	3
"366"	1	1	1	1	1	1	1	3	1	1
"367"	3	2	2	3	1	1	1	1	3	3
"368"	3	1	1	2	1	3	1	5	4	3
"369"	1	1	1	1	1	1	1	2	1	5
"370"	1	1	1	2	2	2	1	5	3	3
"371"	3	5	5	4	5	5	4	2	5	3
"372"	2	4	1	3	2	3	2	1	5	1
"373"	1	1	1	1	1	1	1	1	3	2
"374"	1	1	1	2	2	5	3	1	2	3
"375"	3	3	3	5	5	5	5	4	3	5
"376"	3	2	2	3	5	4	3	5	5	5
"377"	3	4	5	4	5	2	2	1	2	3
"378"	3	2	2	1	1	1	1	1	4	4
"379"	2	4	5	3	2	1	1	5	1	1
"380"	2	1	2	2	2	3	3	2	2	2
"381"	2	2	1	2	2	5	1	2	2	3
"382"	1	2	2	2	2	2	2	3	4	3
"383"	3	5	5	5	5	5	5	5	5	4
"384"	2	1	1	3	2	4	2	3	4	3
"385"	2	4	2	2	5	5	3	3	4	5
"386"	1	1	1	2	1	1	1	4	3	2
"387"	1	1	3	3	2	1	1	2	4	4
"388"	1	1	2	2	1	2	5	3	2	3
"389"	2	2	1	4	5	5	5	2	4	2
"390"	1	3	5	5	2	5	4	1	2	3
"391"	2	2	2	3	2	3	1	1	2	2
"392"	3	3	3	3	3	3	3	2	4	5
"393"	3	4	3	2	3	5	4	2	4	4
"394"	1	1	1	3	1	1	1	2	1	1
"395"	4	4	5	5	5	2	4	5	4	2
"396"	1	1	1	2	1	3	1	1	1	3
"397"	2	2	1	2	4	4	1	1	1	2
"398"	5	3	2	5	2	4	5	3	4	3
"399"	1	2	2	3	3	5	4	1	5	1
"400"	2	2	1	4	1	2	2	1	4	1
"401"	1	1	1	1	2	2	2	2	4	2
"402"	1	2	3	4	1	1	1	1	2	1
"403"	1	1	1	4	1	3	5	1	5	3
"404"	4	1	1	1	1	1	2	1	2	4
"405"	1	1	1	2	2	2	2	3	3	2
"406"	1	2	2	5	3	4	3	2	4	2
"407"	4	5	4	3	1	5	3	3	5	4
"408"	1	1	1	2	4	4	5	3	5	2
"409"	5	3	5	1	3	5	5	4	5	2
"410"	2	3	5	5	5	3	1	1	1	1
"411"	1	1	1	1	1	1	1	1	1	1
"412"	4	3	4	3	5	5	3	2	2	1
"413"	1	1	1	5	1	1	5	1	3	1
"414"	2	1	2	2	3	3	2	3	3	3
"415"	1	2	3	4	4	4	4	1	4	1
"416"	1	5	5	3	5	5	5	5	5	2
"417"	3	3	4	1	3	4	1	1	4	1
"418"	1	1	2	4	4	2	3	5	2	3
"419"	3	4	3	4	5	5	5	2	4	3
"420"	1	2	2	2	1	2	1	1	2	1
"421"	1	5	5	5	3	5	3	1	5	3
"422"	3	2	2	2	2	3	2	1	2	1
"423"	1	3	3	3	5	5	5	2	4	4
"424"	4	4	2	4	2	5	3	5	5	1
"425"	2	2	4	2	5	5	3	1	5	5
"426"	3	3	3	5	5	5	5	1	5	3
"427"	2	2	4	3	5	2	1	1	3	2
"428"	1	1	1	5	5	3	3	1	3	2
"429"	3	3	5	3	4	4	5	3	4	3
"430"	2	3	1	4	2	4	3	4	5	2
"431"	2	2	2	2	3	2	2	2	2	2
"432"	3	2	1	4	3	4	4	3	4	4
"433"	1	1	2	5	2	2	2	3	3	4
"434"	2	1	3	2	1	4	5	5	5	3
"435"	2	1	1	2	3	5	2	2	3	2
"436"	2	4	5	5	5	2	1	2	5	2
"437"	1	1	2	1	3	3	2	5	3	2
"438"	2	4	4	4	5	4	4	3	4	3
"439"	4	1	1	2	5	5	4	1	3	3
"440"	1	1	2	4	1	1	1	4	1	3
"441"	1	2	4	4	5	5	4	4	4	5
"442"	1	1	1	1	1	3	3	2	2	4
"443"	2	1	2	2	2	4	3	3	3	2
"444"	1	2	4	1	1	3	3	2	4	2
"445"	1	2	2	3	2	2	1	4	2	2
"446"	1	2	2	3	5	5	5	1	3	2
"447"	2	1	2	4	4	4	3	1	3	4
"448"	5	3	3	5	4	5	4	1	4	3
"449"	1	3	2	3	3	3	2	3	5	2
"450"	1	1	2	4	4	4	1	3	2	3
"451"	1	2	1	3	1	3	3	1	5	3
"452"	1	1	2	2	2	3	2	2	3	2
"453"	1	4	5	1	5	5	5	5	3	4
"454"	1	1	2	4	4	4	1	3	3	3
"455"	1	3	3	3	5	2	3	4	5	1
"456"	3	5	5	4	4	5	5	2	5	5
"457"	2	1	1	2	1	1	1	1	3	4
"458"	1	1	1	3	2	2	2	2	2	4
"459"	5	5	1	1	1	1	1	1	1	1
"460"	2	2	2	2	2	2	2	2	3	3
"461"	1	1	1	1	1	1	1	5	2	1
"462"	2	2	2	2	1	2	2	2	2	2
"463"	3	2	3	4	3	4	5	5	5	3
"464"	4	4	4	4	2	5	1	3	5	5
"465"	1	2	3	5	4	4	5	3	5	1
"466"	2	2	1	1	1	3	1	3	1	2
"467"	1	1	1	1	3	5	1	1	3	3
"468"	2	2	3	4	5	5	5	4	5	5
"469"	2	2	1	1	2	3	2	3	3	4
"470"	2	2	2	2	1	1	1	4	1	3
"471"	3	1	5	2	1	3	3	3	4	4
"472"	1	1	2	2	3	1	1	3	2	1
"473"	3	4	2	4	1	1	1	4	1	5
"474"	1	1	1	1	2	2	1	1	2	4
"475"	1	3	4	4	3	5	5	2	3	5
"476"	2	3	5	1	1	4	3	1	2	3
"477"	2	5	2	5	2	2	2	2	2	3
"478"	1	1	1	3	2	2	1	3	2	1
"479"	5	1	3	4	2	2	2	2	4	4
"480"	1	2	2	1	3	3	3	3	3	2
"481"	2	2	4	1	2	3	1	1	2	4
"482"	1	1	1	1	1	1	1	3	3	2
"483"	2	1	2	4	2	2	2	1	2	4
"484"	1	1	3	1	4	3	1	4	5	3
"485"	1	3	1	2	5	5	1	5	5	5
"486"	1	1	2	1	5	1	1	5	2	3
"487"	3	4	3	4	5	4	3	4	5	2
"488"	1	1	5	1	3	5	5	1	3	1
"489"	1	2	1	2	1	1	1	1	1	2
"490"	1	1	1	4	5	4	2	5	5	1
"491"	2	1	1	2	5	5	5	5	5	4
"492"	2	5	3	2	5	1	1	1	4	3
"493"	2	1	2	3	4	3	2	2	2	3
"494"	2	1	1	4	2	3	3	2	2	3
"495"	2	2	1	2	1	2	2	3	3	1
"496"	1	2	3	2	4	4	3	5	2	4
"497"	3	2	2	2	5	3	3	2	3	3
"498"	1	1	1	1	1	2	4	1	4	3
"499"	4	1	1	4	1	4	3	3	4	3
"500"	3	1	1	3	1	1	1	1	4	2
"501"	1	3	2	3	2	4	4	2	3	3
"502"	1	2	2	2	5	4	5	3	5	5
"503"	2	1	1	2	3	3	1	2	3	2
"504"	2	1	2	1	4	5	4	3	5	4
"505"	5	3	1	1	1	1	1	1	1	4
"506"	3	2	2	3	1	5	2	2	4	3
"507"	1	1	1	1	2	1	2	1	1	2
"508"	3	2	2	2	5	3	2	1	5	2
"509"	3	2	2	4	4	4	1	1	4	3
"510"	2	2	1	1	1	4	4	5	4	1
"511"	1	3	1	1	1	2	1	5	2	1
"512"	2	1	2	1	2	1	2	2	4	2
"513"	5	5	1	3	5	5	5	1	5	1
"514"	1	1	1	1	1	1	1	2	2	3
"515"	2	3	3	3	4	4	4	3	5	1
"516"	1	1	3	1	2	1	1	1	3	3
"517"	5	5	5	5	5	1	1	5	1	3
"518"	3	2	1	3	1	3	4	4	5	4
"519"	2	1	5	2	2	1	1	3	2	3
"520"	1	1	1	2	1	3	1	5	2	4
"521"	4	2	5	2	5	5	4	3	4	1
"522"	3	4	5	1	1	1	3	2	4	5
"523"	1	1	1	3	2	3	1	3	1	2
"524"	1	1	1	2	1	1	1	3	3	4
"525"	1	2	3	2	2	1	1	3	2	5
"526"	4	2	2	3	1	1	1	3	3	2
"527"	1	1	1	2	1	2	2	4	3	2
"528"	1	1	1	2	3	3	3	2	3	3
"529"	1	2	1	3	1	3	1	1	4	3
"530"	1	1	2	2	1	1	1	3	1	3
"531"	1	2	3	3	3	1	2	2	4	2
"532"	1	1	1	3	2	5	1	1	1	2
"533"	4	1	1	2	2	2	1	4	1	1
"534"	1	1	1	2	1	1	1	2	2	1
"535"	3	2	2	4	5	5	5	3	5	4
"536"	1	1	3	1	1	3	1	1	1	1
"537"	1	2	5	1	5	3	3	5	1	1
"538"	3	1	3	2	2	3	1	5	3	3
"539"	4	3	3	3	5	5	5	2	5	2
"540"	1	2	2	4	4	5	5	4	4	1
"541"	3	3	3	3	3	5	2	4	3	3
"542"	1	2	1	1	3	4	3	1	2	2
"543"	2	2	4	5	4	4	4	2	3	4
"544"	4	3	2	4	4	5	3	1	4	1
"545"	1	1	1	4	1	1	2	4	5	3
"546"	5	3	1	3	3	3	3	3	5	3
"547"	1	1	1	1	1	2	1	2	5	1
"548"	1	1	2	3	1	1	1	1	4	1
"549"	3	2	3	4	1	5	2	1	3	3
"550"	3	3	5	2	2	5	5	5	1	1
"551"	1	1	4	3	5	4	4	1	4	4
"552"	4	3	5	4	5	4	3	2	5	4
"553"	2	2	1	2	5	5	5	3	3	1
"554"	1	4	4	3	5	4	4	5	4	3
"555"	3	2	2	3	2	3	2	2	3	3
"556"	1	4	4	5	1	5	1	3	5	5
"557"	2	1	1	2	5	5	5	4	5	4
"558"	1	3	5	5	5	5	4	5	4	5
"559"	2	2	2	3	5	5	5	2	3	2
"560"	1	3	3	2	1	5	3	5	4	3
"561"	4	5	5	5	1	5	5	5	5	4
"562"	3	1	2	2	2	1	1	3	2	3
"563"	3	3	1	1	1	3	1	1	3	3
"564"	1	2	1	4	4	4	4	4	1	1
"565"	1	1	1	1	5	5	5	1	2	1
"566"	1	1	3	3	5	4	4	3	3	4
"567"	2	1	2	4	3	5	2	1	2	5
"568"	2	2	2	3	1	3	2	4	4	2
"569"	2	5	3	3	3	5	4	4	5	3
"570"	4	2	3	1	2	3	2	1	3	2
"571"	1	1	1	4	1	5	4	5	4	1
"572"	2	3	4	4	3	1	1	1	5	4
"573"	1	1	1	2	2	1	1	3	2	3
"574"	1	1	1	3	5	5	5	1	1	3
"575"	1	1	1	1	1	1	1	1	1	2
"576"	2	2	2	2	2	3	3	4	4	2
"577"	1	1	1	2	4	1	1	1	1	2
"578"	3	3	4	3	5	5	5	2	5	2
"579"	3	3	1	1	4	5	2	4	5	4
"580"	4	2	2	4	2	4	1	2	3	4
"581"	1	1	1	1	1	2	1	1	1	1
"582"	2	2	3	3	5	5	3	4	5	4
"583"	2	2	2	2	4	4	2	3	3	2
"584"	2	1	4	2	1	1	1	1	2	2
"585"	3	1	1	3	3	3	3	3	3	4
"586"	5	4	3	3	3	5	3	4	5	3
"587"	1	3	1	5	3	1	1	3	5	2
"588"	2	3	3	1	3	3	1	1	2	2
"589"	1	2	2	1	5	5	4	2	5	3
"590"	1	5	3	1	5	1	1	2	1	1
"591"	2	2	1	2	1	1	1	3	4	2
"592"	5	1	5	1	1	4	2	3	3	3
"593"	1	1	2	5	1	5	5	3	3	2
"594"	2	2	2	3	2	1	1	1	2	2
"595"	3	2	2	2	1	3	2	5	5	1
"596"	2	1	1	5	1	1	1	1	3	5
"597"	1	1	1	1	1	1	1	2	2	4
"598"	3	1	2	2	1	4	4	3	4	5
"599"	1	1	2	4	4	3	2	5	3	4
"600"	3	1	2	4	2	2	2	3	3	3
"601"	3	3	4	2	5	3	1	1	3	2
"602"	3	4	4	3	3	5	4	2	5	2
"603"	1	1	1	2	3	2	2	1	2	1
"604"	2	3	4	4	3	4	4	4	2	2
"605"	2	3	5	4	5	5	3	3	5	5
"606"	1	1	1	1	5	5	1	3	2	4
"607"	4	1	2	2	1	1	1	2	3	2
"608"	3	2	3	3	2	2	1	1	4	2
"609"	3	4	2	4	2	5	2	4	2	3
"610"	3	1	1	1	1	1	1	1	2	1
"611"	3	1	2	3	5	2	2	4	3	4
"612"	1	4	4	3	4	4	3	2	3	3
"613"	1	3	3	3	3	3	3	3	3	1
"614"	4	2	4	4	5	5	4	3	2	4
"615"	5	3	1	5	1	5	1	5	1	1
"616"	2	1	1	2	1	1	1	1	3	1
"617"	1	1	1	1	1	1	1	1	1	1
"618"	3	1	1	4	1	1	3	2	3	1
"619"	1	1	1	1	3	1	1	1	1	3
"620"	1	1	2	2	3	5	2	4	3	1
"621"	1	1	1	1	3	3	1	2	2	4
"622"	4	1	1	3	5	1	2	5	4	5
"623"	5	2	3	2	2	4	1	4	1	1
"624"	1	1	2	4	1	5	2	2	4	2
"625"	3	1	4	1	5	2	1	2	1	4
"626"	1	3	3	3	5	5	5	1	4	1
"627"	3	4	4	5	2	2	4	3	2	3
"628"	4	4	3	3	3	4	4	5	5	5
"629"	1	1	1	1	1	1	1	3	1	4
"630"	1	3	2	1	3	5	2	1	2	2
"631"	3	3	3	5	5	4	4	1	5	5
"632"	3	1	1	2	4	2	2	3	5	1
"633"	1	1	2	2	1	1	1	4	3	4
"634"	1	1	1	4	1	3	1	1	3	1
"635"	1	1	2	1	4	3	2	2	3	2
"636"	2	2	2	3	3	3	3	4	4	4
"637"	2	3	3	3	3	1	1	3	1	1
"638"	1	1	2	2	1	3	2	3	4	1
"639"	2	1	2	5	3	3	2	4	4	3
"640"	3	1	2	5	3	2	1	3	3	4
"641"	1	3	1	2	5	5	5	3	5	3
"642"	2	2	3	4	2	2	2	5	2	3
"643"	1	2	2	5	1	1	1	3	5	4
"644"	1	2	4	1	2	2	2	1	2	2
"645"	1	2	2	1	4	2	1	2	3	2
"646"	1	3	1	2	1	2	1	2	4	3
"647"	1	1	1	2	2	1	1	1	2	2
"648"	3	3	5	5	3	5	5	1	5	3
"649"	3	4	4	3	4	4	4	4	5	3
"650"	1	2	2	2	5	2	1	1	1	3
"651"	2	1	1	2	2	2	4	4	3	3
"652"	1	1	1	2	1	3	1	2	3	2
"653"	3	1	2	3	4	4	4	2	4	3
"654"	1	1	3	3	2	3	4	1	2	2
"655"	2	2	2	3	4	5	5	3	3	2
"656"	3	2	4	3	4	4	4	3	5	4
"657"	5	2	2	2	5	5	5	3	5	3
"658"	1	4	5	3	4	5	5	4	3	2
"659"	1	1	1	1	1	1	1	1	2	1
"660"	1	1	3	3	1	1	1	5	4	5
"661"	3	3	5	4	2	5	5	5	5	5
"662"	1	2	2	3	2	2	3	4	3	3
"663"	1	3	3	3	4	5	3	1	4	5
"664"	2	2	2	2	2	2	2	2	2	2
"665"	1	3	5	4	2	5	5	4	4	2
"666"	1	1	1	2	3	1	1	3	4	4
"667"	1	1	2	1	2	1	1	2	1	3
"668"	1	1	2	2	2	2	1	1	1	4
"669"	1	3	3	4	2	1	1	4	1	2
"670"	4	2	2	2	2	2	2	2	2	4
"671"	1	1	1	1	1	1	1	1	1	2
"672"	2	2	5	5	2	3	5	5	4	3
"673"	1	3	2	1	5	5	3	5	5	4
"674"	3	1	1	3	4	3	1	3	3	2
"675"	1	1	1	2	1	3	3	3	2	3
"676"	4	5	3	2	4	3	3	2	5	4
"677"	1	2	2	2	3	3	4	3	3	3
"678"	1	1	1	2	1	1	1	1	3	5
"679"	1	1	1	1	3	1	3	3	1	5
"680"	3	1	2	1	1	2	3	3	5	5
"681"	1	3	2	1	5	3	1	1	1	3
"682"	3	2	4	4	5	4	1	1	1	4
"683"	3	1	1	2	2	5	3	2	4	3
"684"	5	4	2	3	3	4	5	3	5	3
"685"	4	4	4	3	3	3	5	1	3	4
"686"	2	3	2	4	4	4	3	1	2	4
"687"	3	3	3	3	3	3	3	3	3	3
"688"	5	1	2	2	5	2	2	3	4	1
"689"	1	2	1	1	5	5	5	3	5	3
"690"	2	1	2	3	1	4	2	1	2	3
"691"	1	1	3	3	4	5	4	1	5	4
"692"	1	2	2	2	5	5	4	3	3	4
"693"	2	3	3	3	1	1	1	3	2	3
"694"	2	3	2	3	2	3	4	3	5	4
"695"	2	2	1	1	3	5	2	1	2	1
"696"	2	4	3	3	5	3	2	1	1	3
"697"	3	1	1	1	1	1	1	1	1	1
"698"	1	3	3	2	5	5	5	1	4	5
"699"	5	3	3	3	2	4	4	5	5	4
"700"	3	2	2	2	2	4	3	3	2	3
"701"	1	3	3	3	2	5	5	3	5	1
"702"	1	1	1	1	3	1	1	2	1	2
"703"	1	1	2	2	4	4	4	1	3	1
"704"	1	1	1	1	1	2	1	1	3	2
"705"	1	1	4	1	5	4	2	3	4	3
"706"	1	4	1	1	1	5	1	1	1	3
"707"	3	1	1	2	1	1	1	3	1	5
"708"	1	1	1	2	1	2	3	5	3	4
"709"	4	1	1	5	1	3	1	1	1	2
"710"	1	2	2	2	1	1	2	3	2	4
"711"	3	1	1	2	2	1	1	5	2	1
"712"	3	2	4	5	2	5	4	1	4	3
"713"	1	2	3	3	5	4	3	1	3	3
"714"	1	4	3	4	5	3	3	4	3	1
"715"	1	4	4	4	4	4	4	1	4	5
"716"	1	2	2	2	2	1	1	1	2	2
"717"	1	1	2	3	3	1	1	1	3	3
"718"	1	1	1	2	3	4	1	1	3	3
"719"	3	3	2	1	5	1	1	3	3	2
"720"	1	2	2	2	2	2	2	2	3	3
"721"	1	1	3	1	1	2	1	1	5	5
"722"	1	1	1	1	3	1	1	1	1	1
"723"	3	3	5	3	2	4	4	2	4	3
"724"	2	3	4	5	5	5	4	5	5	3
"725"	1	2	2	1	5	3	1	2	2	2
"726"	1	1	1	4	1	1	1	3	1	4
"727"	1	1	1	4	3	3	1	3	4	1
"728"	3	1	1	5	3	5	5	2	3	3
"729"	1	1	3	1	5	5	5	5	3	1
"730"	1	1	2	4	2	4	2	1	3	4
"731"	1	3	2	2	2	5	3	3	2	1
"732"	1	2	1	1	1	1	1	2	4	3
"733"	3	2	2	2	2	4	4	2	2	2
"734"	4	2	2	3	2	4	4	4	3	2
"735"	1	2	1	3	1	2	1	2	4	2
"736"	5	3	2	4	3	5	3	4	5	3
"737"	2	2	4	3	3	2	1	4	1	2
"738"	3	3	4	3	3	2	4	5	3	3
"739"	1	1	1	2	1	5	1	1	5	3
"740"	1	1	2	1	2	2	1	1	1	1
"741"	1	1	1	1	3	5	3	3	1	3
"742"	1	1	1	1	1	1	1	1	1	1
"743"	1	1	2	4	2	2	3	1	3	2
"744"	1	1	1	2	1	1	1	1	1	2
"745"	1	1	2	3	1	3	1	1	3	4
"746"	2	3	2	4	3	3	1	1	2	2
"747"	4	3	3	3	5	5	5	5	5	3
"748"	1	1	3	1	1	1	1	1	5	5
"749"	4	1	3	3	5	1	1	3	1	1
"750"	3	1	1	3	3	3	3	1	2	3
"751"	1	1	1	1	1	1	1	1	2	1
"752"	1	1	1	1	1	1	1	3	1	4
"753"	2	5	4	1	2	4	5	4	5	4
"754"	2	2	2	3	2	4	2	3	2	3
"755"	3	2	1	1	2	2	2	1	1	1
"756"	3	4	4	3	1	3	3	4	3	4
"757"	2	1	2	2	1	2	1	3	2	1
"758"	1	2	5	2	2	4	4	2	4	4
"759"	1	2	2	2	2	5	3	1	3	3
"760"	3	2	2	3	2	5	2	3	2	2
"761"	4	1	3	4	3	3	2	3	3	3
"762"	1	1	1	1	1	1	1	1	1	1
"763"	1	1	1	1	1	1	1	1	1	1
"764"	3	3	1	3	3	3	5	1	5	4
"765"	1	2	2	3	5	5	5	4	5	4
"766"	1	1	1	1	1	1	1	1	3	3
"767"	4	4	4	4	4	5	5	3	3	2
"768"	2	5	5	3	3	4	2	2	3	4
"769"	1	1	2	3	4	5	4	2	3	4
"770"	2	2	2	2	2	2	2	2	2	2
"771"	1	2	3	4	5	4	3	2	1	2
"772"	2	1	3	2	1	4	3	2	4	4
"773"	3	2	2	2	4	5	5	4	4	4
"774"	2	2	2	2	5	5	4	3	2	4
"775"	4	2	2	2	2	2	4	2	2	2
"776"	3	2	2	2	3	5	3	3	3	2
"777"	4	1	1	1	1	1	1	1	1	2
"778"	3	1	1	2	1	1	1	2	1	2
"779"	4	3	4	3	5	5	3	3	4	5
"780"	1	3	3	2	5	2	1	1	4	1
"781"	2	1	2	3	1	5	3	2	3	3
"782"	1	3	1	1	1	2	1	3	5	4
"783"	2	4	5	4	2	1	1	3	3	3
"784"	3	1	2	2	1	3	1	3	3	3
"785"	1	1	1	1	2	2	4	1	2	2
"786"	1	1	1	3	1	3	3	1	2	1
"787"	2	1	1	2	1	1	1	5	1	1
"788"	2	2	3	2	1	1	1	2	2	1
"789"	1	1	3	1	1	2	3	5	5	1
"790"	4	4	5	3	3	4	4	5	5	3
"791"	2	2	1	5	2	2	1	4	3	4
"792"	2	1	2	2	2	5	4	1	3	2
"793"	3	3	3	4	1	1	4	4	5	4
"794"	3	3	3	4	1	5	5	1	3	3
"795"	1	1	1	1	1	5	1	1	1	3
"796"	1	1	1	1	5	5	3	3	1	5
"797"	5	3	4	5	5	5	3	4	3	4
"798"	3	2	1	2	1	1	1	2	1	2
"799"	1	1	1	2	3	1	5	2	3	3
"800"	2	1	3	2	3	3	2	2	2	4
"801"	3	2	1	1	3	4	2	4	2	1
"802"	4	1	1	3	1	1	1	4	2	3
"803"	1	2	3	5	5	2	1	4	1	3
"804"	1	1	1	2	5	5	4	3	3	1
"805"	1	1	1	5	5	5	4	3	3	4
"806"	4	4	3	3	5	5	5	5	5	4
"807"	2	1	2	3	1	5	1	2	4	3
"808"	1	1	1	1	4	5	2	3	3	3
"809"	1	1	1	2	2	2	1	1	3	3
"810"	1	1	1	2	1	5	1	1	4	2
"811"	1	3	4	5	5	5	4	5	4	1
"812"	4	1	2	2	3	2	3	4	3	3
"813"	5	3	2	4	1	5	2	3	4	4
"814"	2	2	2	3	1	5	2	3	4	4
"815"	3	4	5	4	5	3	5	4	5	4
"816"	1	1	1	3	1	1	1	1	1	1
"817"	1	2	3	4	5	1	3	5	5	1
"818"	1	2	2	2	1	1	1	1	1	1
"819"	2	1	1	5	1	1	1	1	1	5
"820"	5	2	2	1	2	3	2	1	1	1
"821"	3	1	1	3	4	5	3	1	3	3
"822"	4	2	3	5	3	5	4	3	3	4
"823"	2	2	2	3	3	4	1	1	1	4
"824"	2	2	1	1	2	2	3	4	5	2
"825"	2	2	5	1	1	1	1	5	1	2
"826"	2	1	5	2	2	1	1	4	3	3
"827"	1	2	3	3	4	3	4	1	4	2
"828"	2	3	2	3	2	2	2	2	4	2
"829"	4	3	2	4	2	3	4	3	2	4
"830"	1	1	2	5	4	1	1	1	1	1
"831"	1	1	2	1	5	5	3	4	3	4
"832"	3	3	3	1	3	3	3	2	4	2
"833"	2	1	4	1	5	5	1	1	4	1
"834"	1	1	3	2	2	5	2	2	2	1
"835"	5	1	4	4	4	3	2	3	2	4
"836"	1	2	1	1	3	2	1	4	3	1
"837"	1	1	1	3	1	1	1	4	1	3
"838"	4	1	2	3	2	1	1	2	4	2
"839"	2	1	3	2	5	4	3	2	3	3
"840"	3	3	3	1	2	2	2	5	4	2
"841"	2	2	3	2	2	4	2	4	5	3
"842"	5	3	1	3	4	4	4	3	3	2
"843"	1	5	5	3	5	5	5	1	5	3
"844"	1	1	1	1	5	1	5	4	5	3
"845"	1	1	1	1	1	3	1	1	3	1
"846"	2	5	3	3	3	4	4	5	5	4
"847"	5	2	2	4	5	5	5	4	5	3
"848"	2	1	2	4	4	4	5	2	1	4
"849"	1	1	1	1	1	1	1	1	1	1
"850"	1	3	4	1	4	3	2	5	3	2
"851"	3	4	1	2	5	1	1	3	2	4
"852"	1	1	1	1	1	1	1	2	5	3
"853"	1	1	2	2	2	2	1	2	2	1
"854"	1	1	1	1	1	2	3	3	4	1
"855"	3	1	2	4	5	5	3	4	2	1
"856"	4	1	1	1	4	4	1	2	3	5
"857"	2	2	2	2	4	5	5	1	4	2
"858"	1	1	2	1	2	4	1	5	3	3
"859"	1	1	1	1	1	1	1	1	1	3
"860"	1	1	1	4	2	2	2	5	3	2
"861"	1	1	2	1	3	3	2	1	2	1
"862"	1	2	2	2	5	2	1	3	1	4
"863"	1	1	1	3	1	3	1	1	3	1
"864"	2	1	2	1	2	5	1	1	3	2
"865"	2	2	2	3	4	4	3	3	3	4
"866"	3	2	3	2	4	3	4	2	3	2
"867"	1	1	1	1	1	1	1	2	1	5
"868"	2	1	1	5	5	4	3	3	1	5
"869"	4	2	2	3	1	2	4	4	2	3
"870"	1	2	2	4	3	1	1	2	1	3
"871"	5	2	3	3	4	4	3	3	2	2
"872"	3	1	1	1	5	5	1	1	1	3
"873"	2	2	2	3	2	2	2	2	4	3
"874"	1	1	3	5	2	2	2	3	4	4
"875"	1	1	2	1	2	3	4	3	4	3
"876"	1	1	3	4	1	2	2	2	3	5
"877"	1	1	1	1	2	1	3	1	2	1
"878"	1	1	1	1	1	1	1	2	4	3
"879"	3	2	2	4	2	3	4	2	3	3
"880"	3	2	1	2	1	1	1	2	2	3
"881"	1	1	1	1	2	3	4	2	4	3
"882"	1	2	3	4	4	1	1	2	1	3
"883"	2	1	1	5	1	2	1	1	3	5
"884"	1	1	2	3	1	3	4	5	3	4
"885"	1	4	4	1	5	5	5	5	5	5
"886"	1	1	2	4	1	1	1	4	3	2
"887"	1	1	1	1	1	1	1	3	1	2
"888"	2	3	4	4	3	2	2	3	5	3
"889"	2	2	2	3	3	3	5	4	2	3
"890"	4	1	2	1	4	4	5	1	5	4
"891"	1	1	1	2	2	3	1	1	5	4
"892"	1	1	2	1	3	4	1	1	3	3
"893"	1	1	1	3	3	3	2	1	3	2
"894"	2	3	4	3	2	2	2	3	3	2
"895"	4	2	2	2	3	5	4	5	3	4
"896"	1	2	2	2	3	3	4	3	4	4
"897"	2	2	2	2	2	5	3	3	3	2
"898"	2	3	2	4	2	3	2	1	2	3
"899"	2	3	2	3	2	2	1	3	4	3
"900"	1	1	2	1	1	1	1	3	1	1
"901"	3	2	3	4	2	3	3	4	4	2
"902"	1	2	2	4	5	4	2	2	1	2
"903"	2	1	1	2	4	3	1	1	3	3
"904"	1	3	1	1	1	1	2	1	2	1
"905"	1	1	1	1	1	1	1	2	4	2
"906"	1	1	1	3	1	4	3	1	2	1
"907"	4	1	2	2	3	5	5	5	3	5
"908"	3	4	4	4	3	4	3	3	4	3
"909"	2	3	2	4	3	2	4	3	2	3
"910"	5	4	1	1	2	4	4	5	5	4
"911"	1	1	2	2	1	5	3	5	4	2
"912"	1	1	1	3	1	1	1	2	1	3
"913"	4	3	2	4	3	5	1	3	3	2
"914"	3	2	3	3	5	1	2	5	2	3
"915"	1	1	4	3	1	1	1	4	1	4
"916"	2	2	4	4	4	3	3	1	2	4
"917"	1	1	1	4	1	3	1	1	2	3
"918"	3	1	1	2	1	1	1	1	2	2
"919"	3	1	2	3	1	2	3	1	5	3
"920"	1	1	2	1	2	2	2	1	3	1
"921"	2	1	1	3	3	2	2	4	3	4
"922"	1	3	3	4	2	3	2	3	2	3
"923"	1	1	3	1	5	5	2	1	1	3
"924"	3	2	2	5	4	3	1	4	3	4
"925"	1	1	1	4	1	2	1	2	2	2
"926"	3	1	2	4	4	4	4	2	4	2
"927"	3	1	1	2	1	4	2	5	2	3
"928"	1	1	5	2	1	1	1	5	1	4
"929"	4	1	2	2	5	5	1	2	1	5
"930"	3	5	3	4	2	4	2	1	3	3
"931"	3	3	3	4	5	5	5	3	5	4
"932"	3	4	2	2	1	1	2	1	3	2
"933"	4	5	5	5	5	2	1	1	1	3
"934"	1	2	2	1	5	5	5	3	4	2
"935"	2	1	4	2	4	1	1	3	4	4
"936"	2	1	2	2	5	5	3	5	2	2
"937"	3	2	4	3	5	4	4	2	3	2
"938"	1	3	4	2	3	5	4	4	3	4
"939"	3	2	4	5	3	2	4	5	5	3
"940"	4	1	1	3	5	1	2	3	1	2
"941"	1	3	4	5	3	5	1	5	3	4
"942"	5	2	2	1	2	4	4	5	3	2
"943"	1	1	1	3	1	1	1	4	4	5
"944"	2	2	2	1	2	2	1	1	2	1
"945"	1	1	2	2	5	3	2	1	2	4
"946"	1	1	3	2	1	1	1	1	1	1
"947"	3	1	1	2	4	3	3	5	5	3
"948"	2	1	2	3	3	4	3	3	4	3
"949"	4	3	1	2	4	4	4	3	4	2
"950"	1	1	1	2	1	1	2	1	1	2
"951"	1	2	5	3	5	1	3	3	1	3
"952"	3	1	1	4	3	2	1	3	2	4
"953"	3	1	1	4	2	3	2	3	4	3
"954"	3	4	4	4	5	5	1	4	4	4
"955"	4	5	3	3	3	4	2	5	2	2
"956"	1	1	1	1	2	1	1	1	1	3
"957"	1	1	1	4	1	1	1	2	4	4
"958"	1	1	1	3	3	3	1	1	2	3
"959"	3	2	4	3	5	5	5	2	4	3
"960"	1	2	4	3	5	5	3	2	2	3
"961"	2	1	2	1	3	3	1	1	3	1
"962"	1	1	1	2	1	1	1	1	2	3
"963"	5	2	1	3	1	1	1	3	3	5
"964"	1	1	1	3	1	1	1	1	1	1
"965"	2	2	2	3	3	3	2	2	2	4
"966"	5	3	5	1	5	5	3	1	5	5
"967"	1	1	1	1	1	1	1	1	1	1
"968"	1	1	1	1	1	1	1	1	1	3
"969"	1	1	1	1	1	3	2	2	2	2
"970"	1	4	5	4	2	3	4	1	2	3
"971"	1	1	1	5	2	3	4	1	3	4
"972"	3	4	3	3	3	4	1	4	5	4
"973"	1	4	5	3	5	5	1	3	4	3
"974"	2	4	2	3	2	4	1	2	2	5
"975"	2	2	3	3	3	1	1	1	1	3
"976"	1	1	1	3	5	3	4	4	4	3
"977"	4	2	2	2	4	4	3	1	3	3
"978"	3	2	2	2	2	3	2	3	2	3
"979"	3	1	4	3	4	4	3	4	2	3
"980"	2	1	2	3	4	3	3	4	3	2
"981"	1	2	1	2	5	1	1	4	4	1
"982"	2	1	2	3	5	4	4	3	4	3
"983"	1	2	4	2	1	2	2	5	3	3
"984"	4	1	3	3	5	5	5	2	5	2
"985"	1	1	4	5	5	2	1	1	3	2
"986"	3	2	3	3	4	2	1	1	4	4
"987"	1	1	3	1	1	4	1	1	5	1
"988"	2	1	2	5	2	2	1	3	4	3
"989"	1	1	1	1	1	1	1	1	1	1
"990"	2	5	4	5	1	1	1	2	1	1
"991"	1	1	1	1	1	1	1	2	1	2
"992"	5	3	1	5	3	5	3	1	3	3
"993"	3	1	1	5	5	3	2	2	3	4
"994"	2	2	2	1	3	3	3	2	4	3
"995"	1	1	1	1	4	4	1	3	1	3
"996"	3	2	1	1	1	2	1	1	2	2
"997"	1	1	2	3	2	1	1	1	4	3
"998"	5	3	2	1	4	5	4	2	3	4
"999"	2	1	1	3	1	4	1	2	1	2
"1000"	2	1	1	2	2	2	1	1	2	1
"1001"	1	1	1	1	1	1	1	5	3	2
"1002"	5	1	1	5	1	1	1	4	2	2
"1003"	1	1	1	1	1	1	1	1	1	4
"1004"	4	1	1	4	4	5	4	1	3	2
"1005"	1	1	2	3	3	2	2	3	2	3
"1006"	1	2	4	5	2	2	2	3	3	4
"1007"	1	1	1	1	1	1	1	2	5	5
"1008"	2	1	3	2	2	2	1	1	1	5
"1009"	2	3	2	5	3	3	3	3	5	5
"1010"	2	1	2	5	1	4	2	2	3	2
